Z,N,A,symbole,masse_atomique_u,energie_liaison_MeV,B_sur_A_MeV,abondance_pct,origine
1,0,1,H,1.007825032,0.0000,0.00000,99.985500,mesuree
1,1,2,H,2.014101778,2.2246,1.11228,0.014500,mesuree
1,2,3,H,3.016049281,8.4818,2.82727,0.000000,mesuree
1,3,4,H,4.026430000,6.8835,1.72088,0.000000,mesuree
1,4,5,H,5.035310000,6.6832,1.33664,0.000000,mesuree
1,5,6,H,6.044960000,5.7656,0.96093,0.000000,mesuree
2,1,3,He,3.016029322,7.7180,2.57268,0.000200,mesuree
2,2,4,He,4.002603254,28.2957,7.07392,99.999800,mesuree
2,3,5,He,5.012057000,27.5609,5.51217,0.000000,mesuree
2,4,6,He,6.018885890,29.2711,4.87852,0.000000,mesuree
2,5,7,He,7.027991000,28.8611,4.12301,0.000000,mesuree
2,6,8,He,8.033934390,31.3962,3.92452,0.000000,mesuree
2,7,9,He,9.043950000,30.1380,3.34867,0.000000,mesuree
2,8,10,He,10.052820000,29.9470,2.99470,0.000000,mesuree
3,1,4,Li,4.027190000,4.6109,1.15273,0.000000,mesuree
3,2,5,Li,5.012540000,26.3286,5.26572,0.000000,mesuree
3,3,6,Li,6.015122887,31.9940,5.33233,4.850000,mesuree
3,4,7,Li,7.016003434,39.2451,5.60644,95.150000,mesuree
3,5,8,Li,8.022486240,41.2777,5.15971,0.000000,mesuree
3,6,9,Li,9.026790190,45.3399,5.03777,0.000000,mesuree
3,7,10,Li,10.035483000,45.3139,4.53139,0.000000,mesuree
3,8,11,Li,11.043723600,45.7092,4.15538,0.000000,mesuree
3,9,12,Li,12.052610000,45.5029,3.79191,0.000000,mesuree
4,1,5,Be,5.039870000,0.0885,0.01771,0.000000,estimee
4,2,6,Be,6.019726000,26.9239,4.48731,0.000000,mesuree
4,3,7,Be,7.016928710,37.6008,5.37155,0.000000,mesuree
4,4,8,Be,8.005305100,56.4995,7.06244,0.000000,mesuree
4,5,9,Be,9.012183060,58.1640,6.46267,100.000000,mesuree
4,6,10,Be,10.013534690,64.9763,6.49763,0.000000,mesuree
4,7,11,Be,11.021661080,65.4779,5.95254,0.000000,mesuree
4,8,12,Be,12.026922100,68.6487,5.72072,0.000000,mesuree
4,9,13,Be,13.036135000,68.1382,5.24140,0.000000,mesuree
4,10,14,Be,14.042890000,69.9173,4.99409,0.000000,mesuree
5,2,7,B,7.029712000,24.9109,3.55871,0.000000,mesuree
5,3,8,B,8.024607300,37.7373,4.71716,0.000000,mesuree
5,4,9,B,9.013329600,56.3137,6.25708,0.000000,mesuree
5,5,10,B,10.012936862,64.7508,6.47508,19.650000,mesuree
5,6,11,B,11.009305167,76.2051,6.92773,80.350000,mesuree
5,7,12,B,12.014352600,79.5747,6.63123,0.000000,mesuree
5,8,13,B,13.017780000,84.4534,6.49642,0.000000,mesuree
5,9,14,B,14.025404000,85.4230,6.10165,0.000000,mesuree
5,10,15,B,15.031087000,88.2007,5.88005,0.000000,mesuree
5,11,16,B,16.039841000,88.1177,5.50736,0.000000,mesuree
5,12,17,B,17.046930000,89.5857,5.26974,0.000000,mesuree
5,13,18,B,18.055600000,89.5809,4.97672,0.000000,mesuree
5,14,19,B,19.064170000,89.6693,4.71944,0.000000,mesuree
6,2,8,C,8.037643000,24.8122,3.10153,0.000000,mesuree
6,3,9,C,9.031037200,39.0368,4.33742,0.000000,mesuree
6,4,10,C,10.016853220,60.3204,6.03204,0.000000,mesuree
6,5,11,C,11.011432600,73.4410,6.67646,0.000000,mesuree
6,6,12,C,12.000000000,92.1617,7.68014,98.940000,mesuree
6,7,13,C,13.003354835,97.1080,7.46985,1.060000,mesuree
6,8,14,C,14.003241989,105.2845,7.52032,0.000000,mesuree
6,9,15,C,15.010599300,106.5025,7.10017,0.000000,mesuree
6,10,16,C,16.014701000,110.7531,6.92207,0.000000,mesuree
6,11,17,C,17.022579000,111.4861,6.55801,0.000000,mesuree
6,12,18,C,18.026750000,115.6722,6.42623,0.000000,mesuree
6,13,19,C,19.034800000,116.2450,6.11816,0.000000,mesuree
6,14,20,C,20.040260000,119.2303,5.96152,0.000000,mesuree
6,15,21,C,21.049000000,119.1604,5.67430,0.000000,estimee
6,16,22,C,22.057550000,119.2674,5.42125,0.000000,mesuree
7,3,10,N,10.041650000,36.4400,3.64400,0.000000,mesuree
7,4,11,N,11.026158000,58.9420,5.35837,0.000000,mesuree
7,5,12,N,12.018613200,74.0413,6.17011,0.000000,mesuree
7,6,13,N,13.005738610,94.1052,7.23886,0.000000,mesuree
7,7,14,N,14.003074004,104.6586,7.47561,99.633700,mesuree
7,8,15,N,15.000108898,115.4919,7.69946,0.366300,mesuree
7,9,16,N,16.006101900,117.9808,7.37380,0.000000,mesuree
7,10,17,N,17.008449000,123.8658,7.28622,0.000000,mesuree
7,11,18,N,18.014078000,126.6937,7.03854,0.000000,mesuree
7,12,19,N,19.017022000,132.0227,6.94856,0.000000,mesuree
7,13,20,N,20.023370000,134.1809,6.70905,0.000000,mesuree
7,14,21,N,21.027090000,138.7871,6.60891,0.000000,mesuree
7,15,22,N,22.034100000,140.3286,6.37857,0.000000,mesuree
7,16,23,N,23.039420000,143.4444,6.23671,0.000000,mesuree
7,17,24,N,24.050390000,141.2972,5.88738,0.000000,estimee
8,4,12,O,12.034368000,58.5835,4.88195,0.000000,mesuree
8,5,13,O,13.024815000,75.5533,5.81179,0.000000,mesuree
8,6,14,O,14.008596706,98.7319,7.05228,0.000000,mesuree
8,7,15,O,15.003065600,111.9554,7.46369,0.000000,mesuree
8,8,16,O,15.994914619,127.6193,7.97621,99.757150,mesuree
8,9,17,O,16.999131756,131.7624,7.75073,0.038350,mesuree
8,10,18,O,17.999159612,139.8078,7.76710,0.204500,mesuree
8,11,19,O,19.003578000,143.7634,7.56649,0.000000,mesuree
8,12,20,O,20.004075400,151.3714,7.56857,0.000000,mesuree
8,13,21,O,21.008655000,155.1768,7.38937,0.000000,mesuree
8,14,22,O,22.009970000,162.0232,7.36469,0.000000,mesuree
8,15,23,O,23.015700000,164.7571,7.16335,0.000000,mesuree
8,16,24,O,24.019860000,168.9534,7.03972,0.000000,mesuree
8,17,25,O,25.029340000,168.1941,6.72777,0.000000,mesuree
8,18,26,O,26.037210000,168.9346,6.49748,0.000000,mesuree
9,5,14,F,14.034320000,73.9885,5.28489,0.000000,mesuree
9,6,15,F,15.017785000,97.4620,6.49747,0.000000,mesuree
9,7,16,F,16.011460000,111.4250,6.96407,0.000000,mesuree
9,8,17,F,17.002095240,128.2196,7.54233,0.000000,mesuree
9,9,18,F,18.000937300,137.3695,7.63164,0.000000,mesuree
9,10,19,F,18.998403162,147.8014,7.77902,100.000000,mesuree
9,11,20,F,19.999981250,154.4027,7.72014,0.000000,mesuree
9,12,21,F,20.999948900,162.5042,7.73829,0.000000,mesuree
9,13,22,F,22.002999000,167.7343,7.62429,0.000000,mesuree
9,14,23,F,23.003530000,175.3110,7.62222,0.000000,mesuree
9,15,24,F,24.008100000,179.1254,7.46356,0.000000,mesuree
9,16,25,F,25.012170000,183.4055,7.33622,0.000000,mesuree
9,17,26,F,26.020050000,184.1367,7.08218,0.000000,mesuree
9,18,27,F,27.026980000,185.7528,6.87973,0.000000,mesuree
9,19,28,F,28.035860000,185.5524,6.62687,0.000000,mesuree
9,20,29,F,29.043100000,186.8797,6.44413,0.000000,mesuree
10,6,16,Ne,16.025751000,97.3307,6.08317,0.000000,mesuree
10,7,17,Ne,17.017714000,112.8885,6.64050,0.000000,mesuree
10,8,18,Ne,18.005708700,132.1426,7.34126,0.000000,mesuree
10,9,19,Ne,19.001880910,143.7795,7.56734,0.000000,mesuree
10,10,20,Ne,19.992440175,160.6448,8.03224,90.480000,mesuree
10,11,21,Ne,20.993846690,167.4060,7.97171,0.270000,mesuree
10,12,22,Ne,21.991385114,177.7702,8.08047,9.250000,mesuree
10,13,23,Ne,22.994466910,182.9709,7.95526,0.000000,mesuree
10,14,24,Ne,23.993610600,191.8399,7.99333,0.000000,mesuree
10,15,25,Ne,24.997810000,195.9995,7.83998,0.000000,mesuree
10,16,26,Ne,26.000516000,201.5502,7.75193,0.000000,mesuree
10,17,27,Ne,27.007570000,203.0507,7.52040,0.000000,mesuree
10,18,28,Ne,28.012130000,206.8744,7.38837,0.000000,mesuree
10,19,29,Ne,29.019750000,207.8477,7.16716,0.000000,mesuree
10,20,30,Ne,30.024990000,211.0380,7.03460,0.000000,mesuree
10,21,31,Ne,31.033470000,211.2103,6.81323,0.000000,mesuree
10,22,32,Ne,32.039720000,213.4598,6.67062,0.000000,estimee
11,7,18,Na,18.026880000,111.6393,6.20219,0.000000,mesuree
11,8,19,Na,19.013880000,131.8201,6.93790,0.000000,mesuree
11,9,20,Na,20.007354300,145.9701,7.29850,0.000000,mesuree
11,10,21,Na,20.997654460,163.0767,7.76556,0.000000,mesuree
11,11,22,Na,21.994437550,174.1446,7.91566,0.000000,mesuree
11,12,23,Na,22.989769282,186.5644,8.11149,100.000000,mesuree
11,13,24,Na,23.990963012,193.5237,8.06349,0.000000,mesuree
11,14,25,Na,24.989954000,202.5349,8.10140,0.000000,mesuree
11,15,26,Na,25.992635000,208.1089,8.00419,0.000000,mesuree
11,16,27,Na,26.994076000,214.8379,7.95696,0.000000,mesuree
11,17,28,Na,27.998939000,218.3794,7.79926,0.000000,mesuree
11,18,29,Na,29.002877000,222.7825,7.68216,0.000000,mesuree
11,19,30,Na,30.009098000,225.0590,7.50197,0.000000,mesuree
11,20,31,Na,31.013147000,229.3587,7.39867,0.000000,mesuree
11,21,32,Na,32.020010000,231.0372,7.21991,0.000000,mesuree
11,22,33,Na,33.025530000,233.9666,7.08990,0.000000,mesuree
11,23,34,Na,34.034010000,234.1389,6.88644,0.000000,mesuree
11,24,35,Na,35.040610000,236.0623,6.74464,0.000000,estimee
12,8,20,Mg,20.018763100,134.5605,6.72802,0.000000,mesuree
12,9,21,Mg,21.011705800,149.2056,7.10503,0.000000,mesuree
12,10,22,Mg,21.999570600,168.5808,7.66276,0.000000,mesuree
12,11,23,Mg,22.994123770,181.7258,7.90112,0.000000,mesuree
12,12,24,Mg,23.985041689,198.2571,8.26071,78.964210,mesuree
12,13,25,Mg,24.985836970,205.5876,8.22350,10.010900,mesuree
12,14,26,Mg,25.982592970,216.6807,8.33387,11.024890,mesuree
12,15,27,Mg,26.984340650,223.1240,8.26385,0.000000,mesuree
12,16,28,Mg,27.983875430,231.6287,8.27245,0.000000,mesuree
12,17,29,Mg,28.988607200,235.2924,8.11353,0.000000,mesuree
12,18,30,Mg,29.990465500,241.6327,8.05442,0.000000,mesuree
12,19,31,Mg,30.996648000,243.9451,7.86920,0.000000,mesuree
12,20,32,Mg,31.999110000,249.7230,7.80385,0.000000,mesuree
12,21,33,Mg,33.005327900,252.0024,7.63644,0.000000,mesuree
12,22,34,Mg,34.008935000,256.7138,7.55040,0.000000,mesuree
12,23,35,Mg,35.016790000,257.4682,7.35623,0.000000,mesuree
12,24,36,Mg,36.021880000,260.7982,7.24439,0.000000,mesuree
12,25,37,Mg,37.030290000,261.0357,7.05502,0.000000,mesuree
13,8,21,Al,21.029080000,132.2393,6.29711,0.000000,estimee
13,9,22,Al,22.019540000,149.1971,6.78169,0.000000,estimee
13,10,23,Al,23.007244400,168.7217,7.33573,0.000000,mesuree
13,11,24,Al,23.999947600,183.5899,7.64958,0.000000,mesuree
13,12,25,Al,24.990428310,200.5284,8.02114,0.000000,mesuree
13,13,26,Al,25.986891880,211.8939,8.14977,0.000000,mesuree
13,14,27,Al,26.981538410,224.9519,8.33155,100.000000,mesuree
13,15,28,Al,27.981910010,232.6771,8.30990,0.000000,mesuree
13,16,29,Al,28.980453200,242.1054,8.34846,0.000000,mesuree
13,17,30,Al,29.982969200,247.8331,8.26110,0.000000,mesuree
13,18,31,Al,30.983949800,254.9910,8.22552,0.000000,mesuree
13,19,32,Al,31.988084000,259.2114,8.10035,0.000000,mesuree
13,20,33,Al,32.990878000,264.6801,8.02061,0.000000,mesuree
13,21,34,Al,33.996781900,267.2519,7.86035,0.000000,mesuree
13,22,35,Al,34.999760000,272.5492,7.78712,0.000000,mesuree
13,23,36,Al,36.006390000,274.4447,7.62346,0.000000,mesuree
13,24,37,Al,37.010530000,278.6596,7.53134,0.000000,mesuree
13,25,38,Al,38.017680000,280.0708,7.37028,0.000000,estimee
13,26,39,Al,39.023070000,283.1213,7.25952,0.000000,estimee
14,8,22,Si,22.036110000,132.9799,6.04454,0.000000,estimee
14,9,23,Si,23.025710000,150.7387,6.55386,0.000000,estimee
14,10,24,Si,24.011535000,172.0140,7.16725,0.000000,mesuree
14,11,25,Si,25.004109000,187.0026,7.48010,0.000000,mesuree
14,12,26,Si,25.992333820,206.0424,7.92471,0.000000,mesuree
14,13,27,Si,26.986704690,219.3572,8.12434,0.000000,mesuree
14,14,28,Si,27.976926534,236.5368,8.44774,92.254500,mesuree
14,15,29,Si,28.976494664,245.0105,8.44864,4.672000,mesuree
14,16,30,Si,29.973770137,255.6196,8.52065,3.073500,mesuree
14,17,31,Si,30.975363200,262.2070,8.45829,0.000000,mesuree
14,18,32,Si,31.974151500,271.4070,8.48147,0.000000,mesuree
14,19,33,Si,32.977977000,275.9149,8.36106,0.000000,mesuree
14,20,34,Si,33.978538000,283.4637,8.33717,0.000000,mesuree
14,21,35,Si,34.984550000,285.9349,8.16957,0.000000,mesuree
14,22,36,Si,35.986650000,292.0500,8.11250,0.000000,mesuree
14,23,37,Si,36.992950000,294.2529,7.95278,0.000000,mesuree
14,24,38,Si,37.995520000,299.9303,7.89290,0.000000,mesuree
14,25,39,Si,39.002490000,301.5091,7.73100,0.000000,mesuree
14,26,40,Si,40.006080000,306.2364,7.65591,0.000000,mesuree
14,27,41,Si,41.014170000,306.7719,7.48224,0.000000,estimee
14,28,42,Si,42.018080000,311.2011,7.40955,0.000000,estimee
15,9,24,P,24.036520000,147.9583,6.16493,0.000000,estimee
15,10,25,P,25.021680000,169.8530,6.79412,0.000000,estimee
15,11,26,P,26.011780000,187.1461,7.19793,0.000000,estimee
15,12,27,P,26.999292000,206.8499,7.66111,0.000000,mesuree
15,13,28,P,27.992326500,221.4095,7.90748,0.000000,mesuree
15,14,29,P,28.981800400,239.2858,8.25124,0.000000,mesuree
15,15,30,P,29.978313490,250.6052,8.35351,0.000000,mesuree
15,16,31,P,30.973761998,262.9162,8.48117,100.000000,mesuree
15,17,32,P,31.973907640,270.8519,8.46412,0.000000,mesuree
15,18,33,P,32.971725700,280.9556,8.51381,0.000000,mesuree
15,19,34,P,33.973645900,287.2383,8.44819,0.000000,mesuree
15,20,35,P,34.973314000,295.6188,8.44625,0.000000,mesuree
15,21,36,P,35.978260000,299.0829,8.30786,0.000000,mesuree
15,22,37,P,36.979610000,305.8967,8.26748,0.000000,mesuree
15,23,38,P,37.984300000,309.5993,8.14735,0.000000,mesuree
15,24,39,P,38.986290000,315.8170,8.09787,0.000000,mesuree
15,25,40,P,39.991260000,319.2588,7.98147,0.000000,mesuree
15,26,41,P,40.994650000,324.1723,7.90664,0.000000,mesuree
15,27,42,P,42.001170000,326.1703,7.76596,0.000000,mesuree
15,28,43,P,43.005410000,330.2921,7.68121,0.000000,estimee
15,29,44,P,44.011930000,332.2901,7.55205,0.000000,estimee
15,30,45,P,45.017130000,335.5176,7.45595,0.000000,estimee
15,31,46,P,46.024520000,336.7052,7.31968,0.000000,estimee
16,10,26,S,26.029720000,169.6527,6.52510,0.000000,estimee
16,11,27,S,27.018780000,187.9146,6.95980,0.000000,estimee
16,12,28,S,28.004370000,209.4087,7.47888,0.000000,mesuree
16,13,29,S,28.996678000,224.6451,7.74638,0.000000,mesuree
16,14,30,S,29.984906770,243.6812,8.12271,0.000000,mesuree
16,15,31,S,30.979557000,256.7358,8.28180,0.000000,mesuree
16,16,32,S,31.972071174,271.7802,8.49313,94.855881,mesuree
16,17,33,S,32.971458909,280.4218,8.49763,0.763047,mesuree
16,18,34,S,33.967867010,291.8390,8.58350,4.365271,mesuree
16,19,35,S,34.969032320,298.8248,8.53785,0.000000,mesuree
16,20,36,S,35.967080690,308.7140,8.57539,0.015801,mesuree
16,21,37,S,36.971125500,313.0176,8.45994,0.000000,mesuree
16,22,38,S,37.971163000,321.0540,8.44879,0.000000,mesuree
16,23,39,S,38.975130000,325.4301,8.34436,0.000000,mesuree
16,24,40,S,39.975483000,333.1726,8.32932,0.000000,mesuree
16,25,41,S,40.979593000,337.4155,8.22965,0.000000,mesuree
16,26,42,S,41.981065000,344.1157,8.19323,0.000000,mesuree
16,27,43,S,42.986908000,346.7442,8.06382,0.000000,mesuree
16,28,44,S,43.990119000,351.8245,7.99601,0.000000,mesuree
16,29,45,S,44.996410000,354.0358,7.86746,0.000000,estimee
16,30,46,S,46.000690000,358.1204,7.78523,0.000000,estimee
16,31,47,S,47.007730000,359.6340,7.65179,0.000000,estimee
16,32,48,S,48.013300000,362.5168,7.55243,0.000000,estimee
16,33,49,S,49.021890000,362.5866,7.39973,0.000000,estimee
17,11,28,Cl,28.030350000,184.4262,6.58665,0.000000,estimee
17,12,29,Cl,29.015050000,206.7493,7.12929,0.000000,estimee
17,13,30,Cl,30.005018000,224.1654,7.47218,0.000000,mesuree
17,14,31,Cl,30.992448000,243.9456,7.86921,0.000000,mesuree
17,15,32,Cl,31.985684600,258.3170,8.07241,0.000000,mesuree
17,16,33,Cl,32.977452000,274.0569,8.30476,0.000000,mesuree
17,17,34,Cl,33.973762490,285.5650,8.39897,0.000000,mesuree
17,18,35,Cl,34.968852690,298.2098,8.52028,75.800000,mesuree
17,19,36,Cl,35.968306820,306.7896,8.52193,0.000000,mesuree
17,20,37,Cl,36.965902570,317.1004,8.57028,24.200000,mesuree
17,21,38,Cl,37.968010410,323.2083,8.50548,0.000000,mesuree
17,22,39,Cl,38.968008200,331.2817,8.49440,0.000000,mesuree
17,23,40,Cl,39.970420000,337.1064,8.42766,0.000000,mesuree
17,24,41,Cl,40.970680000,344.9356,8.41306,0.000000,mesuree
17,25,42,Cl,41.973340000,350.5291,8.34593,0.000000,mesuree
17,26,43,Cl,42.974060000,357.9297,8.32395,0.000000,mesuree
17,27,44,Cl,43.978010000,362.3217,8.23458,0.000000,mesuree
17,28,45,Cl,44.980390000,368.1760,8.18169,0.000000,mesuree
17,29,46,Cl,45.985250000,371.7203,8.08088,0.000000,mesuree
17,30,47,Cl,46.989720000,375.6278,7.99208,0.000000,estimee
17,31,48,Cl,47.995410000,378.3989,7.88331,0.000000,estimee
17,32,49,Cl,49.000790000,381.4588,7.78487,0.000000,estimee
17,33,50,Cl,50.008270000,382.5626,7.65125,0.000000,estimee
17,34,51,Cl,51.015340000,384.0482,7.53036,0.000000,estimee
18,12,30,Ar,30.023690000,205.9902,6.86634,0.000000,estimee
18,13,31,Ar,31.012160000,224.8016,7.25167,0.000000,estimee
18,14,32,Ar,31.997637800,246.4003,7.70001,0.000000,mesuree
18,15,33,Ar,32.989925500,261.6556,7.92896,0.000000,mesuree
18,16,34,Ar,33.980270090,278.7209,8.19767,0.000000,mesuree
18,17,35,Ar,34.975257700,291.4612,8.32746,0.000000,mesuree
18,18,36,Ar,35.967545106,306.7168,8.51991,0.333610,mesuree
18,19,37,Ar,36.966776300,315.5042,8.52714,0.000000,mesuree
18,20,38,Ar,37.962732100,327.3427,8.61428,0.062890,mesuree
18,21,39,Ar,38.964313000,333.9414,8.56260,0.000000,mesuree
18,22,40,Ar,39.962383122,343.8104,8.59526,99.603500,mesuree
18,23,41,Ar,40.964500600,349.9093,8.53437,0.000000,mesuree
18,24,42,Ar,41.963046000,359.3355,8.55561,0.000000,mesuree
18,25,43,Ar,42.965636000,364.9943,8.48824,0.000000,mesuree
18,26,44,Ar,43.964923800,373.7290,8.49384,0.000000,mesuree
18,27,45,Ar,44.968039700,378.8979,8.41995,0.000000,mesuree
18,28,46,Ar,45.968039200,386.9697,8.41238,0.000000,mesuree
18,29,47,Ar,46.972767100,390.6370,8.31143,0.000000,mesuree
18,30,48,Ar,47.976001000,395.6960,8.24367,0.000000,mesuree
18,31,49,Ar,48.981690000,398.4680,8.13200,0.000000,estimee
18,32,50,Ar,49.985800000,402.7109,8.05422,0.000000,estimee
18,33,51,Ar,50.993030000,404.0475,7.92250,0.000000,estimee
18,34,52,Ar,51.998520000,407.0049,7.82702,0.000000,estimee
18,35,53,Ar,53.007290000,406.9070,7.67749,0.000000,estimee
19,13,32,K,32.023610000,221.4250,6.91953,0.000000,estimee
19,14,33,K,33.008100000,243.9438,7.39224,0.000000,estimee
19,15,34,K,33.998690000,260.7805,7.67001,0.000000,estimee
19,16,35,K,34.988005400,278.8044,7.96584,0.000000,mesuree
19,17,36,K,35.981301900,293.1200,8.14222,0.000000,mesuree
19,18,37,K,36.973375890,308.5744,8.33985,0.000000,mesuree
19,19,38,K,37.969081110,320.6463,8.43806,0.000000,mesuree
19,20,39,K,38.963706485,333.7240,8.55703,93.258100,mesuree
19,21,40,K,39.963998170,341.5236,8.53809,0.011700,mesuree
19,22,41,K,40.961825256,351.6190,8.57607,6.730200,mesuree
19,23,42,K,41.962402310,359.1528,8.55126,0.000000,mesuree
19,24,43,K,42.960734700,368.7775,8.57622,0.000000,mesuree
19,25,44,K,43.961587000,376.0549,8.54670,0.000000,mesuree
19,26,45,K,44.960691500,384.9604,8.55467,0.000000,mesuree
19,27,46,K,45.961981600,391.8300,8.51804,0.000000,mesuree
19,28,47,K,46.961661600,400.1994,8.51488,0.000000,mesuree
19,29,48,K,47.965341200,404.8431,8.43423,0.000000,mesuree
19,30,49,K,48.968210800,410.2414,8.37227,0.000000,mesuree
19,31,50,K,49.972380000,414.4292,8.28858,0.000000,mesuree
19,32,51,K,50.975829000,419.2878,8.22133,0.000000,mesuree
19,33,52,K,51.981600000,421.9834,8.11507,0.000000,mesuree
19,34,53,K,52.986800000,425.2110,8.02285,0.000000,mesuree
19,35,54,K,53.994470000,426.1377,7.89144,0.000000,estimee
19,36,55,K,55.000510000,428.5828,7.79242,0.000000,estimee
20,14,34,Ca,34.015990000,243.8833,7.17304,0.000000,estimee
20,15,35,Ca,35.005570000,261.6608,7.47602,0.000000,estimee
20,16,36,Ca,35.993070000,281.3758,7.81599,0.000000,mesuree
20,17,37,Ca,36.985897800,296.1279,8.00346,0.000000,mesuree
20,18,38,Ca,37.976319220,313.1217,8.24004,0.000000,mesuree
20,19,39,Ca,38.970710800,326.4172,8.36967,0.000000,mesuree
20,20,40,Ca,39.962590851,342.0522,8.55130,96.941000,mesuree
20,21,41,Ca,40.962277910,350.4150,8.54671,0.000000,mesuree
20,22,42,Ca,41.958617780,361.8957,8.61656,0.647000,mesuree
20,23,43,Ca,42.958766380,369.8286,8.60067,0.135000,mesuree
20,24,44,Ca,43.955481500,380.9598,8.65818,2.086000,mesuree
20,25,45,Ca,44.956186300,388.3746,8.63055,0.000000,mesuree
20,26,46,Ca,45.953687700,398.7733,8.66899,0.004000,mesuree
20,27,47,Ca,46.954541100,406.0497,8.63936,0.000000,mesuree
20,28,48,Ca,47.952522654,416.0012,8.66669,0.187000,mesuree
20,29,49,Ca,48.955662630,421.1476,8.59485,0.000000,mesuree
20,30,50,Ca,49.957499200,427.5082,8.55016,0.000000,mesuree
20,31,51,Ca,50.960995700,432.3226,8.47691,0.000000,mesuree
20,32,52,Ca,51.963213600,438.3279,8.42938,0.000000,mesuree
20,33,53,Ca,52.968450000,441.5216,8.33060,0.000000,mesuree
20,34,54,Ca,53.972990000,445.3639,8.24748,0.000000,mesuree
20,35,55,Ca,54.979980000,446.9241,8.12589,0.000000,mesuree
20,36,56,Ca,55.985500000,449.8535,8.03310,0.000000,mesuree
20,37,57,Ca,56.992960000,450.9759,7.91186,0.000000,estimee
21,15,36,Sc,36.017340000,257.9861,7.16628,0.000000,estimee
21,16,37,Sc,37.004060000,278.4276,7.52507,0.000000,estimee
21,17,38,Sc,37.995440000,294.5284,7.75075,0.000000,estimee
21,18,39,Sc,38.984785000,312.5248,8.01346,0.000000,mesuree
21,19,40,Sc,39.977967000,326.9470,8.17368,0.000000,mesuree
21,20,41,Sc,40.969251160,343.1371,8.36920,0.000000,mesuree
21,21,42,Sc,41.965516690,354.6871,8.44493,0.000000,mesuree
21,22,43,Sc,42.961150400,366.8256,8.53083,0.000000,mesuree
21,23,44,Sc,43.959402800,376.5248,8.55738,0.000000,mesuree
21,24,45,Sc,44.955907100,387.8523,8.61894,100.000000,mesuree
21,25,46,Sc,45.955167000,396.6130,8.62202,0.000000,mesuree
21,26,47,Sc,46.952402400,407.2596,8.66510,0.000000,mesuree
21,27,48,Sc,47.952223000,415.4980,8.65621,0.000000,mesuree
21,28,49,Sc,48.950013200,425.6277,8.68628,0.000000,mesuree
21,29,50,Sc,49.952187400,431.6738,8.63348,0.000000,mesuree
21,30,51,Sc,50.953568800,438.4583,8.59722,0.000000,mesuree
21,31,52,Sc,51.956496000,443.8030,8.53467,0.000000,mesuree
21,32,53,Sc,52.958379000,450.1203,8.49284,0.000000,mesuree
21,33,54,Sc,53.963029000,453.8602,8.40482,0.000000,mesuree
21,34,55,Sc,54.966890000,458.3350,8.33336,0.000000,mesuree
21,35,56,Sc,55.972610000,461.0782,8.23354,0.000000,mesuree
21,36,57,Sc,56.977050000,465.0136,8.15813,0.000000,mesuree
21,37,58,Sc,57.983380000,467.1886,8.05498,0.000000,mesuree
21,38,59,Sc,58.988370000,470.6118,7.97647,0.000000,mesuree
22,16,38,Ti,38.012210000,278.1249,7.31908,0.000000,estimee
22,17,39,Ti,39.002680000,295.0734,7.56598,0.000000,estimee
22,18,40,Ti,39.990350000,314.6300,7.86575,0.000000,mesuree
22,19,41,Ti,40.983150000,329.4081,8.03434,0.000000,mesuree
22,20,42,Ti,41.973049370,346.8881,8.25924,0.000000,mesuree
22,21,43,Ti,42.968528000,359.1710,8.35281,0.000000,mesuree
22,22,44,Ti,43.959689900,375.4750,8.53352,0.000000,mesuree
22,23,45,Ti,44.958120800,385.0079,8.55573,0.000000,mesuree
22,24,46,Ti,45.952626360,398.1973,8.65646,8.250000,mesuree
22,25,47,Ti,46.951757490,407.0779,8.66123,7.440000,mesuree
22,26,48,Ti,47.947940680,418.7046,8.72301,73.720000,mesuree
22,27,49,Ti,48.947864390,426.8470,8.71116,5.410000,mesuree
22,28,50,Ti,49.944785620,437.7861,8.75572,5.180000,mesuree
22,29,51,Ti,50.946609500,444.1585,8.70899,0.000000,mesuree
22,30,52,Ti,51.946883500,451.9746,8.69182,0.000000,mesuree
22,31,53,Ti,52.949671000,457.4494,8.63112,0.000000,mesuree
22,32,54,Ti,53.950892000,464.3834,8.59969,0.000000,mesuree
22,33,55,Ti,54.955090000,468.5443,8.51899,0.000000,mesuree
22,34,56,Ti,55.957680000,474.2030,8.46791,0.000000,mesuree
22,35,57,Ti,56.963070000,477.2536,8.37287,0.000000,mesuree
22,36,58,Ti,57.966810000,481.8411,8.30761,0.000000,mesuree
22,37,59,Ti,58.972220000,484.8730,8.21819,0.000000,estimee
22,38,60,Ti,59.976280000,489.1625,8.15271,0.000000,mesuree
22,39,61,Ti,60.982430000,491.5051,8.05746,0.000000,estimee
23,17,40,V,40.013390000,292.3860,7.30965,0.000000,estimee
23,18,41,V,41.000330000,312.6227,7.62494,0.000000,estimee
23,19,42,V,41.991820000,328.6210,7.82431,0.000000,estimee
23,20,43,V,42.980770000,346.9853,8.06943,0.000000,mesuree
23,21,44,V,43.974441000,360.9521,8.20346,0.000000,mesuree
23,22,45,V,44.965768500,377.1018,8.38004,0.000000,mesuree
23,23,46,V,45.960197390,390.3626,8.48614,0.000000,mesuree
23,24,47,V,46.954903560,403.3650,8.58223,0.000000,mesuree
23,25,48,V,47.952250900,413.9073,8.62307,0.000000,mesuree
23,26,49,V,48.948510500,425.4628,8.68291,0.000000,mesuree
23,27,50,V,49.947156680,434.7952,8.69590,0.250000,mesuree
23,28,51,V,50.943957660,445.8464,8.74209,99.750000,mesuree
23,29,52,V,51.944773640,453.1576,8.71457,0.000000,mesuree
23,30,53,V,52.944335000,461.6375,8.71014,0.000000,mesuree
23,31,54,V,53.946432000,467.7555,8.66214,0.000000,mesuree
23,32,55,V,54.947262000,475.0537,8.63734,0.000000,mesuree
23,33,56,V,55.950420000,480.1833,8.57470,0.000000,mesuree
23,34,57,V,56.952300000,486.5034,8.53515,0.000000,mesuree
23,35,58,V,57.956600000,490.5693,8.45809,0.000000,mesuree
23,36,59,V,58.959620000,495.8275,8.40386,0.000000,mesuree
23,37,60,V,59.964480000,499.3718,8.32286,0.000000,mesuree
23,38,61,V,60.967600000,504.5368,8.27110,0.000000,mesuree
23,39,62,V,61.972930000,507.6433,8.18779,0.000000,mesuree
23,40,63,V,62.976660000,512.2401,8.13080,0.000000,mesuree
24,18,42,Cr,42.007580000,313.1583,7.45615,0.000000,estimee
24,19,43,Cr,42.997890000,330.2558,7.68037,0.000000,estimee
24,20,44,Cr,43.985590000,349.7845,7.94965,0.000000,mesuree
24,21,45,Cr,44.979050000,363.9478,8.08773,0.000000,mesuree
24,22,46,Cr,45.968361000,381.9758,8.30382,0.000000,mesuree
24,23,47,Cr,46.962895000,395.1387,8.40721,0.000000,mesuree
24,24,48,Cr,47.954029000,411.4687,8.57226,0.000000,mesuree
24,25,49,Cr,48.951333700,422.0506,8.61328,0.000000,mesuree
24,26,50,Cr,49.946042210,435.0509,8.70102,4.345000,mesuree
24,27,51,Cr,50.944765390,444.3116,8.71199,0.000000,mesuree
24,28,52,Cr,51.940504710,456.3517,8.77599,83.789000,mesuree
24,29,53,Cr,52.940646300,464.2912,8.76021,9.501000,mesuree
24,30,54,Cr,53.938877360,474.0102,8.77797,2.365000,mesuree
24,31,55,Cr,54.940836640,480.2565,8.73194,0.000000,mesuree
24,32,56,Cr,55.940649000,488.5026,8.72326,0.000000,mesuree
24,33,57,Cr,56.943612100,493.8138,8.66340,0.000000,mesuree
24,34,58,Cr,57.944185000,501.3515,8.64399,0.000000,mesuree
24,35,59,Cr,58.948345400,505.5474,8.56860,0.000000,mesuree
24,36,60,Cr,59.949641700,512.4112,8.54019,0.000000,mesuree
24,37,61,Cr,60.954378100,516.0706,8.46017,0.000000,mesuree
24,38,62,Cr,61.956143000,522.4979,8.42739,0.000000,mesuree
24,39,63,Cr,62.961160000,525.8959,8.34755,0.000000,mesuree
24,40,64,Cr,63.963890000,531.4243,8.30350,0.000000,mesuree
24,41,65,Cr,64.969610000,534.1675,8.21796,0.000000,estimee
25,19,44,Mn,44.008010000,328.1181,7.45723,0.000000,estimee
25,20,45,Mn,44.994650000,348.6341,7.74743,0.000000,estimee
25,21,46,Mn,45.986670000,364.1388,7.91606,0.000000,mesuree
25,22,47,Mn,46.975770000,382.3634,8.13539,0.000000,mesuree
25,23,48,Mn,47.968549000,397.1610,8.27419,0.000000,mesuree
25,24,49,Mn,48.959613400,413.5558,8.43991,0.000000,mesuree
25,25,50,Mn,49.954238160,426.6341,8.53268,0.000000,mesuree
25,26,51,Mn,50.948208800,440.3217,8.63376,0.000000,mesuree
25,27,52,Mn,51.945559090,450.8613,8.67041,0.000000,mesuree
25,28,53,Mn,52.941287500,462.9115,8.73418,0.000000,mesuree
25,29,54,Mn,53.940355800,471.8507,8.73798,0.000000,mesuree
25,30,55,Mn,54.938043040,482.0764,8.76502,100.000000,mesuree
25,31,56,Mn,55.938902800,489.3468,8.73834,0.000000,mesuree
25,32,57,Mn,56.938285900,497.9928,8.73672,0.000000,mesuree
25,33,58,Mn,57.940066600,504.4054,8.69664,0.000000,mesuree
25,34,59,Mn,58.940391100,512.1744,8.68092,0.000000,mesuree
25,35,60,Mn,59.943136600,517.6883,8.62814,0.000000,mesuree
25,36,61,Mn,60.944452500,524.5339,8.59892,0.000000,mesuree
25,37,62,Mn,61.947907000,529.3874,8.53851,0.000000,mesuree
25,38,63,Mn,62.949665000,535.8211,8.50510,0.000000,mesuree
25,39,64,Mn,63.953849000,539.9951,8.43742,0.000000,mesuree
25,40,65,Mn,64.956020000,546.0441,8.40068,0.000000,mesuree
25,41,66,Mn,65.960547000,549.8986,8.33180,0.000000,mesuree
25,42,67,Mn,66.963950000,554.8000,8.28060,0.000000,estimee
26,19,45,Fe,45.015470000,328.4581,7.29907,0.000000,estimee
26,20,46,Fe,46.001300000,349.7287,7.60280,0.000000,estimee
26,21,47,Fe,46.992350000,366.1369,7.79015,0.000000,estimee
26,22,48,Fe,47.980670000,385.0880,8.02267,0.000000,mesuree
26,23,49,Fe,48.973429000,399.9043,8.16131,0.000000,mesuree
26,24,50,Fe,49.962988000,417.7013,8.35403,0.000000,mesuree
26,25,51,Fe,50.956855100,431.4854,8.46050,0.000000,mesuree
26,26,52,Fe,51.948113360,447.6996,8.60961,0.000000,mesuree
26,27,53,Fe,52.945305600,458.3864,8.64880,0.000000,mesuree
26,28,54,Fe,53.939608200,471.7648,8.73638,5.845000,mesuree
26,29,55,Fe,54.938291200,481.0629,8.74660,0.000000,mesuree
26,30,56,Fe,55.934935540,492.2600,8.79036,91.754000,mesuree
26,31,57,Fe,56.935391950,499.9061,8.77028,2.119000,mesuree
26,32,58,Fe,57.933273600,509.9507,8.79225,0.282000,mesuree
26,33,59,Fe,58.934873500,516.5317,8.75477,0.000000,mesuree
26,34,60,Fe,59.934070000,525.3515,8.75586,0.000000,mesuree
26,35,61,Fe,60.936746200,530.9299,8.70377,0.000000,mesuree
26,36,62,Fe,61.936792000,538.9586,8.69288,0.000000,mesuree
26,37,63,Fe,62.940273000,543.7874,8.63155,0.000000,mesuree
26,38,64,Fe,63.940988000,551.1927,8.61239,0.000000,mesuree
26,39,65,Fe,64.945015000,555.5129,8.54635,0.000000,mesuree
26,40,66,Fe,65.946250000,562.4338,8.52172,0.000000,mesuree
26,41,67,Fe,66.950930000,566.1457,8.44994,0.000000,mesuree
26,42,68,Fe,67.952880000,572.4006,8.41766,0.000000,estimee
26,43,69,Fe,68.957920000,575.7772,8.34460,0.000000,estimee
27,21,48,Co,48.001860000,364.5673,7.59515,0.000000,estimee
27,22,49,Co,48.989500000,384.1519,7.83983,0.000000,estimee
27,23,50,Co,49.981120000,400.0291,8.00058,0.000000,mesuree
27,24,51,Co,50.970650000,417.8532,8.19320,0.000000,mesuree
27,25,52,Co,51.963130000,432.9294,8.32556,0.000000,mesuree
27,26,53,Co,52.954203300,449.3158,8.47766,0.000000,mesuree
27,27,54,Co,53.948459100,462.7379,8.56922,0.000000,mesuree
27,28,55,Co,54.941996400,476.8291,8.66962,0.000000,mesuree
27,29,56,Co,55.939838000,486.9110,8.69484,0.000000,mesuree
27,30,57,Co,56.936289800,498.2874,8.74188,0.000000,mesuree
27,31,58,Co,57.935751300,506.8604,8.73897,0.000000,mesuree
27,32,59,Co,58.933193500,517.3143,8.76804,100.000000,mesuree
27,33,60,Co,59.933815500,524.8062,8.74677,0.000000,mesuree
27,34,61,Co,60.932476000,534.1252,8.75615,0.000000,mesuree
27,35,62,Co,61.934058000,540.7229,8.72134,0.000000,mesuree
27,36,63,Co,62.933600000,549.2209,8.71779,0.000000,mesuree
27,37,64,Co,63.935810000,555.2336,8.67552,0.000000,mesuree
27,38,65,Co,64.936462100,562.6975,8.65688,0.000000,mesuree
27,39,66,Co,65.939443000,567.9921,8.60594,0.000000,mesuree
27,40,67,Co,66.940610000,574.9764,8.58174,0.000000,mesuree
27,41,68,Co,67.944559000,579.3692,8.52014,0.000000,mesuree
27,42,69,Co,68.945910000,586.1821,8.49539,0.000000,mesuree
27,43,70,Co,69.950053000,590.3942,8.43420,0.000000,mesuree
27,44,71,Co,70.952370000,596.3073,8.39869,0.000000,mesuree
27,45,72,Co,71.956740000,600.3080,8.33761,0.000000,estimee
28,22,50,Ni,49.996290000,385.1160,7.70232,0.000000,estimee
28,23,51,Ni,50.987490000,401.3845,7.87028,0.000000,estimee
28,24,52,Ni,51.975780000,420.3636,8.08392,0.000000,mesuree
28,25,53,Ni,52.968190000,435.5050,8.21707,0.000000,mesuree
28,26,54,Ni,53.957833000,453.2238,8.39303,0.000000,mesuree
28,27,55,Ni,54.951329800,467.3528,8.49732,0.000000,mesuree
28,28,56,Ni,55.942127800,483.9957,8.64278,0.000000,mesuree
28,29,57,Ni,56.939791400,494.2434,8.67094,0.000000,mesuree
28,30,58,Ni,57.935341700,506.4596,8.73206,68.076900,mesuree
28,31,59,Ni,58.934345400,515.4589,8.73659,0.000000,mesuree
28,32,60,Ni,59.930785100,526.8466,8.78078,26.223100,mesuree
28,33,61,Ni,60.931054800,534.6667,8.76503,1.139900,mesuree
28,34,62,Ni,61.928344800,545.2624,8.79455,3.634500,mesuree
28,35,63,Ni,62.929669000,552.1002,8.76350,0.000000,mesuree
28,36,64,Ni,63.927966200,561.7577,8.77746,0.925600,mesuree
28,37,65,Ni,64.930084600,567.8557,8.73624,0.000000,mesuree
28,38,66,Ni,65.929139300,576.8076,8.73951,0.000000,mesuree
28,39,67,Ni,66.931569000,582.6157,8.69576,0.000000,mesuree
28,40,68,Ni,67.931869000,590.4075,8.68246,0.000000,mesuree
28,41,69,Ni,68.935610000,594.9941,8.62310,0.000000,mesuree
28,42,70,Ni,69.936431300,602.3004,8.60429,0.000000,mesuree
28,43,71,Ni,70.940519000,606.5641,8.54316,0.000000,mesuree
28,44,72,Ni,71.941785900,613.4553,8.52021,0.000000,mesuree
28,45,73,Ni,72.946206700,617.4087,8.45765,0.000000,mesuree
28,46,74,Ni,73.947720000,624.0703,8.43338,0.000000,estimee
28,47,75,Ni,74.952510000,627.6798,8.36906,0.000000,estimee
28,48,76,Ni,75.954710000,633.7018,8.33818,0.000000,estimee
28,49,77,Ni,76.959900000,636.9387,8.27193,0.000000,estimee
28,50,78,Ni,77.962560000,642.5322,8.23759,0.000000,estimee
29,23,52,Cu,51.997980000,398.9021,7.67119,0.000000,estimee
29,24,53,Cu,52.985890000,418.2352,7.89123,0.000000,estimee
29,25,54,Cu,53.977200000,434.4012,8.04447,0.000000,estimee
29,26,55,Cu,54.966040000,452.8680,8.23396,0.000000,mesuree
29,27,56,Cu,55.958529000,467.9357,8.35600,0.000000,mesuree
29,28,57,Cu,56.949211700,484.6861,8.50326,0.000000,mesuree
29,29,58,Cu,57.944532300,497.1162,8.57097,0.000000,mesuree
29,30,59,Cu,58.939496700,509.8782,8.64200,0.000000,mesuree
29,31,60,Cu,59.937363800,519.9363,8.66560,0.000000,mesuree
29,32,61,Cu,60.933457400,531.6464,8.71551,0.000000,mesuree
29,33,62,Cu,61.932594800,540.5212,8.71808,0.000000,mesuree
29,34,63,Cu,62.929597100,551.3849,8.75214,69.150000,mesuree
29,35,64,Cu,63.929764000,559.3007,8.73907,0.000000,mesuree
29,36,65,Cu,64.927789500,569.2113,8.75710,30.850000,mesuree
29,37,66,Cu,65.928868800,576.2772,8.73147,0.000000,mesuree
29,38,67,Cu,66.927729500,585.4098,8.73746,0.000000,mesuree
29,39,68,Cu,67.929610900,591.7286,8.70189,0.000000,mesuree
29,40,69,Cu,68.929429300,599.9691,8.69520,0.000000,mesuree
29,41,70,Cu,69.932392100,605.2806,8.64687,0.000000,mesuree
29,42,71,Cu,70.932676800,613.0867,8.63502,0.000000,mesuree
29,43,72,Cu,71.935820300,618.2299,8.58653,0.000000,mesuree
29,44,73,Cu,72.936674400,625.5056,8.56857,0.000000,mesuree
29,45,74,Cu,73.939875000,630.5956,8.52156,0.000000,mesuree
29,46,75,Cu,74.941523800,637.1310,8.49508,0.000000,mesuree
29,47,76,Cu,75.945269000,641.7137,8.44360,0.000000,mesuree
29,48,77,Cu,76.947543600,647.6663,8.41125,0.000000,mesuree
29,49,78,Cu,77.951917000,651.6638,8.35466,0.000000,mesuree
29,50,79,Cu,78.954470000,657.3570,8.32097,0.000000,mesuree
29,51,80,Cu,79.960620000,659.6996,8.24625,0.000000,estimee
30,24,54,Zn,53.993880000,418.0815,7.74225,0.000000,estimee
30,25,55,Zn,54.984680000,434.7226,7.90405,0.000000,estimee
30,26,56,Zn,55.972740000,453.9159,8.10564,0.000000,estimee
30,27,57,Zn,56.965060000,469.1411,8.23055,0.000000,estimee
30,28,58,Zn,57.954590000,486.9652,8.39595,0.000000,mesuree
30,29,59,Zn,58.949311900,499.9530,8.47378,0.000000,mesuree
30,30,60,Zn,59.941841300,514.9832,8.58305,0.000000,mesuree
30,31,61,Zn,60.939507000,525.2289,8.61031,0.000000,mesuree
30,32,62,Zn,61.934333400,538.1194,8.67934,0.000000,mesuree
30,33,63,Zn,62.933211100,547.2361,8.68629,0.000000,mesuree
30,34,64,Zn,63.929141800,559.0979,8.73591,49.170000,mesuree
30,35,65,Zn,64.929240500,567.0773,8.72427,0.000000,mesuree
30,36,66,Zn,65.926033600,578.1359,8.75963,27.730000,mesuree
30,37,67,Zn,66.927127400,585.1883,8.73415,4.040000,mesuree
30,38,68,Zn,67.924844200,595.3864,8.75568,18.450000,mesuree
30,39,69,Zn,68.926550400,601.8684,8.72273,0.000000,mesuree
30,40,70,Zn,69.925319200,611.0866,8.72981,0.610000,mesuree
30,41,71,Zn,70.927719600,616.9219,8.68904,0.000000,mesuree
30,42,72,Zn,71.926842800,625.8100,8.69181,0.000000,mesuree
30,43,73,Zn,72.929582600,631.3292,8.64835,0.000000,mesuree
30,44,74,Zn,73.929407300,639.5638,8.64275,0.000000,mesuree
30,45,75,Zn,74.932840200,644.4374,8.59250,0.000000,mesuree
30,46,76,Zn,75.933115000,652.2528,8.58227,0.000000,mesuree
30,47,77,Zn,76.936887200,656.8103,8.53000,0.000000,mesuree
30,48,78,Zn,77.938289200,663.5757,8.50738,0.000000,mesuree
30,49,79,Zn,78.942638100,667.5960,8.45058,0.000000,mesuree
30,50,80,Zn,79.944552900,673.8837,8.42355,0.000000,mesuree
30,51,81,Zn,80.950403000,676.5057,8.35192,0.000000,mesuree
30,52,82,Zn,81.954574000,680.6917,8.30112,0.000000,mesuree
31,25,56,Ga,55.995880000,431.5788,7.70676,0.000000,estimee
31,26,57,Ga,56.983460000,451.2193,7.91613,0.000000,estimee
31,27,58,Ga,57.974730000,467.4226,8.05901,0.000000,estimee
31,28,59,Ga,58.963760000,485.7124,8.23241,0.000000,estimee
31,29,60,Ga,59.957500000,499.6148,8.32691,0.000000,estimee
31,30,61,Ga,60.949400000,515.2313,8.44641,0.000000,mesuree
31,31,62,Ga,61.944189600,528.1560,8.51865,0.000000,mesuree
31,32,63,Ga,62.939294200,540.7874,8.58393,0.000000,mesuree
31,33,64,Ga,63.936840400,551.1444,8.61163,0.000000,mesuree
31,34,65,Ga,64.932734400,563.0404,8.66216,0.000000,mesuree
31,35,66,Ga,65.931589800,572.1779,8.66936,0.000000,mesuree
31,36,67,Ga,66.928202300,583.4047,8.70753,0.000000,mesuree
31,37,68,Ga,67.927980200,591.6829,8.70122,0.000000,mesuree
31,38,69,Ga,68.925573500,601.9960,8.72458,60.108000,mesuree
31,39,70,Ga,69.926021900,609.6497,8.70928,0.000000,mesuree
31,40,71,Ga,70.924702600,618.9499,8.71760,39.892000,mesuree
31,41,72,Ga,71.926367500,625.4704,8.68709,0.000000,mesuree
31,42,73,Ga,72.925174700,634.6528,8.69387,0.000000,mesuree
31,43,74,Ga,73.926946000,641.0742,8.66316,0.000000,mesuree
31,44,75,Ga,74.926504500,649.5567,8.66076,0.000000,mesuree
31,45,76,Ga,75.928827600,655.4641,8.62453,0.000000,mesuree
31,46,77,Ga,76.929154300,663.2311,8.61339,0.000000,mesuree
31,47,78,Ga,77.931610900,669.0141,8.57710,0.000000,mesuree
31,48,79,Ga,78.932851600,675.9297,8.55607,0.000000,mesuree
31,49,80,Ga,79.936421000,680.6762,8.50845,0.000000,mesuree
31,50,81,Ga,80.938134000,687.1518,8.48336,0.000000,mesuree
31,51,82,Ga,81.943176500,690.5261,8.42105,0.000000,mesuree
31,52,83,Ga,82.947120300,694.9238,8.37258,0.000000,mesuree
31,53,84,Ga,83.952660000,697.8349,8.30756,0.000000,mesuree
32,26,58,Ge,57.991860000,450.6837,7.77041,0.000000,estimee
32,27,59,Ge,58.982430000,467.5390,7.92439,0.000000,estimee
32,28,60,Ge,59.970450000,486.7696,8.11283,0.000000,estimee
32,29,61,Ge,60.963730000,501.1006,8.21476,0.000000,estimee
32,30,62,Ge,61.954760000,517.5274,8.34722,0.000000,estimee
32,31,63,Ge,62.949630000,530.3773,8.41869,0.000000,mesuree
32,32,64,Ge,63.941690000,545.8447,8.52882,0.000000,mesuree
32,33,65,Ge,64.939368100,556.0788,8.55506,0.000000,mesuree
32,34,66,Ge,65.933862100,569.2790,8.62544,0.000000,mesuree
32,35,67,Ge,66.932717000,578.4169,8.63309,0.000000,mesuree
32,36,68,Ge,67.928095300,590.7933,8.68814,0.000000,mesuree
32,37,69,Ge,68.927964500,598.9865,8.68096,0.000000,mesuree
32,38,70,Ge,69.924248500,610.5192,8.72170,20.520000,mesuree
32,39,71,Ge,70.924952100,617.9352,8.70331,0.000000,mesuree
32,40,72,Ge,71.922075820,628.6857,8.73175,27.450000,mesuree
32,41,73,Ge,72.923458950,635.4687,8.70505,7.760000,mesuree
32,42,74,Ge,73.921177761,645.6649,8.72520,36.520000,mesuree
32,43,75,Ge,74.922858370,652.1707,8.69561,0.000000,mesuree
32,44,76,Ge,75.921402725,661.5980,8.70524,7.750000,mesuree
32,45,77,Ge,76.923549840,667.6693,8.67103,0.000000,mesuree
32,46,78,Ge,77.922853000,676.3897,8.67166,0.000000,mesuree
32,47,79,Ge,78.925360000,682.1257,8.63450,0.000000,mesuree
32,48,80,Ge,79.925350800,690.2056,8.62757,0.000000,mesuree
32,49,81,Ge,80.928832900,695.0334,8.58066,0.000000,mesuree
32,50,82,Ge,81.929774000,702.2281,8.56376,0.000000,mesuree
32,51,83,Ge,82.934539100,705.8607,8.50435,0.000000,mesuree
32,52,84,Ge,83.937575000,711.1041,8.46553,0.000000,mesuree
32,53,85,Ge,84.942970000,714.1500,8.40177,0.000000,mesuree
32,54,86,Ge,85.946970000,718.4954,8.35460,0.000000,mesuree
33,27,60,As,59.993950000,464.0972,7.73495,0.000000,estimee
33,28,61,As,60.981540000,483.7283,7.92997,0.000000,estimee
33,29,62,As,61.973780000,499.0281,8.04884,0.000000,estimee
33,30,63,As,62.964040000,516.1721,8.19321,0.000000,estimee
33,31,64,As,63.957560000,530.2795,8.28562,0.000000,estimee
33,32,65,As,64.949610000,545.7562,8.39625,0.000000,mesuree
33,33,66,As,65.944149000,558.9144,8.46840,0.000000,mesuree
33,34,67,As,66.939251100,571.5481,8.53057,0.000000,mesuree
33,35,68,As,67.936774100,581.9267,8.55775,0.000000,mesuree
33,36,69,As,68.932250000,594.2122,8.61177,0.000000,mesuree
33,37,70,As,69.930934600,603.5088,8.62155,0.000000,mesuree
33,38,71,As,70.927114000,615.1390,8.66393,0.000000,mesuree
33,39,72,As,71.926752000,623.5475,8.66038,0.000000,mesuree
33,40,73,As,72.923829000,634.3416,8.68961,0.000000,mesuree
33,41,74,As,73.923928600,642.3202,8.68000,0.000000,mesuree
33,42,75,As,74.921594600,652.5656,8.70087,100.000000,mesuree
33,43,76,As,75.922392000,659.8941,8.68282,0.000000,mesuree
33,44,77,As,76.920647600,669.5903,8.69598,0.000000,mesuree
33,45,78,As,77.921828000,676.5621,8.67387,0.000000,mesuree
33,46,79,As,78.920948000,685.4532,8.67662,0.000000,mesuree
33,47,80,As,79.922474000,692.1030,8.65129,0.000000,mesuree
33,48,81,As,80.922132300,700.4926,8.64806,0.000000,mesuree
33,49,82,As,81.924739000,706.1358,8.61141,0.000000,mesuree
33,50,83,As,82.925207000,713.7712,8.59965,0.000000,mesuree
33,51,84,As,83.929303000,718.0271,8.54794,0.000000,mesuree
33,52,85,As,84.932164000,723.4334,8.51098,0.000000,mesuree
33,53,86,As,85.936702000,727.2776,8.45672,0.000000,mesuree
33,54,87,As,86.940292000,732.0049,8.41385,0.000000,mesuree
33,55,88,As,87.945840000,734.9083,8.35123,0.000000,estimee
33,56,89,As,88.950050000,739.0580,8.30402,0.000000,estimee
34,31,65,Se,64.964550000,531.0573,8.17011,0.000000,estimee
34,32,66,Se,65.955280000,547.7636,8.29945,0.000000,estimee
34,33,67,Se,66.949990000,560.7625,8.36959,0.000000,mesuree
34,34,68,Se,67.941825200,576.4393,8.47705,0.000000,mesuree
34,35,69,Se,68.939414800,586.7559,8.50371,0.000000,mesuree
34,36,70,Se,69.933515500,600.3224,8.57603,0.000000,mesuree
34,37,71,Se,70.932209000,609.6107,8.58607,0.000000,mesuree
34,38,72,Se,71.927140500,622.4033,8.64449,0.000000,mesuree
34,39,73,Se,72.926755000,630.8337,8.64156,0.000000,mesuree
34,40,74,Se,73.922475934,642.8910,8.68772,0.860000,mesuree
34,41,75,Se,74.922522870,650.9186,8.67891,0.000000,mesuree
34,42,76,Se,75.919213703,662.0723,8.71148,9.230000,mesuree
34,43,77,Se,76.919914150,669.4912,8.69469,7.600000,mesuree
34,44,78,Se,77.917309240,679.9890,8.71781,23.690000,mesuree
34,45,79,Se,78.918499250,686.9518,8.69559,0.000000,mesuree
34,46,80,Se,79.916521800,696.8651,8.71081,49.800000,mesuree
34,47,81,Se,80.917993000,703.5660,8.68600,0.000000,mesuree
34,48,82,Se,81.916699500,712.8422,8.69320,8.820000,mesuree
34,49,83,Se,82.919119000,718.6598,8.65855,0.000000,mesuree
34,50,84,Se,83.918466800,727.3386,8.65879,0.000000,mesuree
34,51,85,Se,84.922260800,731.8759,8.61030,0.000000,mesuree
34,52,86,Se,85.924311700,738.0368,8.58182,0.000000,mesuree
34,53,87,Se,86.928688600,742.0310,8.52909,0.000000,mesuree
34,54,88,Se,87.931417000,747.5609,8.49501,0.000000,mesuree
34,55,89,Se,88.936669000,750.7400,8.43528,0.000000,mesuree
34,56,90,Se,89.940100000,755.6153,8.39573,0.000000,mesuree
34,57,91,Se,90.945700000,758.4703,8.33484,0.000000,mesuree
34,58,92,Se,91.949840000,762.6852,8.29006,0.000000,estimee
35,32,67,Br,66.965080000,545.9239,8.14812,0.000000,estimee
35,33,68,Br,67.958360000,560.2549,8.23904,0.000000,estimee
35,34,69,Br,68.950340000,575.7968,8.34488,0.000000,mesuree
35,35,70,Br,69.944792000,589.0361,8.41480,0.000000,mesuree
35,36,71,Br,70.939342000,602.1840,8.48146,0.000000,mesuree
35,37,72,Br,71.936594600,612.8145,8.51131,0.000000,mesuree
35,38,73,Br,72.931673000,625.4703,8.56809,0.000000,mesuree
35,39,74,Br,73.929910000,635.1838,8.58357,0.000000,mesuree
35,40,75,Br,74.925811000,647.0733,8.62764,0.000000,mesuree
35,41,76,Br,75.924542000,656.3267,8.63588,0.000000,mesuree
35,42,77,Br,76.921379000,667.3444,8.66681,0.000000,mesuree
35,43,78,Br,77.921146000,675.6327,8.66196,0.000000,mesuree
35,44,79,Br,78.918337600,686.3200,8.68760,50.650000,mesuree
35,45,80,Br,79.918529800,694.2123,8.67765,0.000000,mesuree
35,46,81,Br,80.916288200,704.3717,8.69595,49.350000,mesuree
35,47,82,Br,81.916801800,711.9646,8.68249,0.000000,mesuree
35,48,83,Br,82.915175000,721.5512,8.69339,0.000000,mesuree
35,49,84,Br,83.916496000,728.3921,8.67133,0.000000,mesuree
35,50,85,Br,84.915646000,737.2552,8.67359,0.000000,mesuree
35,51,86,Br,85.918805000,742.3839,8.63237,0.000000,mesuree
35,52,87,Br,86.920674000,748.7142,8.60591,0.000000,mesuree
35,53,88,Br,87.924083000,753.6101,8.56375,0.000000,mesuree
35,54,89,Br,88.926705000,759.2390,8.53078,0.000000,mesuree
35,55,90,Br,89.931293000,763.0367,8.47819,0.000000,mesuree
35,56,91,Br,90.934399000,768.2148,8.44192,0.000000,mesuree
35,57,92,Br,91.939632000,771.4116,8.38491,0.000000,mesuree
35,58,93,Br,92.943220000,776.1407,8.34560,0.000000,mesuree
35,59,94,Br,93.948850000,778.9677,8.28689,0.000000,estimee
36,33,69,Kr,68.965500000,560.8930,8.12888,0.000000,estimee
36,34,70,Kr,69.955880000,577.9253,8.25608,0.000000,estimee
36,35,71,Kr,70.950270000,591.2223,8.32707,0.000000,mesuree
36,36,72,Kr,71.942092000,606.9114,8.42932,0.000000,mesuree
36,37,73,Kr,72.939289000,617.5937,8.46019,0.000000,mesuree
36,38,74,Kr,73.933084000,631.4449,8.53304,0.000000,mesuree
36,39,75,Kr,74.930946000,641.5078,8.55344,0.000000,mesuree
36,40,76,Kr,75.925911000,654.2692,8.60880,0.000000,mesuree
36,41,77,Kr,76.924670000,663.4965,8.61684,0.000000,mesuree
36,42,78,Kr,77.920366300,675.5766,8.66124,0.355000,mesuree
36,43,79,Kr,78.920083000,683.9119,8.65711,0.000000,mesuree
36,44,80,Kr,79.916377900,695.4345,8.69293,2.286000,mesuree
36,45,81,Kr,80.916589700,703.3085,8.68282,0.000000,mesuree
36,46,82,Kr,81.913481154,714.2754,8.71068,11.593000,mesuree
36,47,83,Kr,82.914126517,721.7456,8.69573,11.500000,mesuree
36,48,84,Kr,83.911497727,732.2656,8.71745,56.987000,mesuree
36,49,85,Kr,84.912527300,739.3779,8.69856,0.000000,mesuree
36,50,86,Kr,85.910610625,749.2345,8.71203,17.279000,mesuree
36,51,87,Kr,86.913354760,754.7497,8.67528,0.000000,mesuree
36,52,88,Kr,87.914447900,761.8028,8.65685,0.000000,mesuree
36,53,89,Kr,88.917835400,766.7187,8.61482,0.000000,mesuree
36,54,90,Kr,89.919527900,773.2134,8.59126,0.000000,mesuree
36,55,91,Kr,90.923806300,777.2994,8.54175,0.000000,mesuree
36,56,92,Kr,91.926173100,783.1661,8.51267,0.000000,mesuree
36,57,93,Kr,92.931147200,786.6041,8.45811,0.000000,mesuree
36,58,94,Kr,93.934140000,791.8876,8.42434,0.000000,mesuree
36,59,95,Kr,94.939711000,794.7696,8.36600,0.000000,mesuree
36,60,96,Kr,95.943014000,799.7642,8.33088,0.000000,mesuree
36,61,97,Kr,96.949090000,802.1757,8.26985,0.000000,mesuree
37,34,71,Rb,70.965340000,576.4023,8.11834,0.000000,estimee
37,35,72,Rb,71.958850000,590.5191,8.20165,0.000000,estimee
37,36,73,Rb,72.950600000,606.2752,8.30514,0.000000,mesuree
37,37,74,Rb,73.944266000,620.2466,8.38171,0.000000,mesuree
37,38,75,Rb,74.938573200,633.6207,8.44828,0.000000,mesuree
37,39,76,Rb,75.935073000,644.9525,8.48622,0.000000,mesuree
37,40,77,Rb,76.930401600,657.3752,8.53734,0.000000,mesuree
37,41,78,Rb,77.928142000,667.5513,8.55835,0.000000,mesuree
37,42,79,Rb,78.923990100,679.4901,8.60114,0.000000,mesuree
37,43,80,Rb,79.922516400,688.9341,8.61168,0.000000,mesuree
37,44,81,Rb,80.918994000,700.2865,8.64551,0.000000,mesuree
37,45,82,Rb,81.918209000,709.0891,8.64743,0.000000,mesuree
37,46,83,Rb,82.915114200,720.0432,8.67522,0.000000,mesuree
37,47,84,Rb,83.914375200,728.8029,8.67622,0.000000,mesuree
37,48,85,Rb,84.911789736,739.2825,8.69744,72.170000,mesuree
37,49,86,Rb,85.911167440,747.9335,8.69690,0.000000,mesuree
37,50,87,Rb,86.909180529,757.8556,8.71098,27.830000,mesuree
37,51,88,Rb,87.911315590,763.9382,8.68112,0.000000,mesuree
37,52,89,Rb,88.912278000,771.1130,8.66419,0.000000,mesuree
37,53,90,Rb,89.914798000,776.8370,8.63152,0.000000,mesuree
37,54,91,Rb,90.916537000,783.2884,8.60756,0.000000,mesuree
37,55,92,Rb,91.919728000,788.3873,8.56943,0.000000,mesuree
37,56,93,Rb,92.922039000,794.3060,8.54092,0.000000,mesuree
37,57,94,Rb,93.926394800,798.3199,8.49276,0.000000,mesuree
37,58,95,Rb,94.929264000,803.7186,8.46020,0.000000,mesuree
37,59,96,Rb,95.934133000,807.2544,8.40890,0.000000,mesuree
37,60,97,Rb,96.937177100,812.4902,8.37619,0.000000,mesuree
37,61,98,Rb,97.941632000,816.4118,8.33073,0.000000,mesuree
37,62,99,Rb,98.945119000,821.2350,8.29530,0.000000,mesuree
37,63,100,Rb,99.950332000,824.4504,8.24450,0.000000,mesuree
37,64,101,Rb,100.954302000,828.8237,8.20618,0.000000,mesuree
37,65,102,Rb,101.960010000,831.5781,8.15273,0.000000,mesuree
38,35,73,Sr,72.965700000,591.4273,8.10174,0.000000,estimee
38,36,74,Sr,73.956170000,608.3757,8.22129,0.000000,estimee
38,37,75,Sr,74.949950000,622.2410,8.29655,0.000000,mesuree
38,38,76,Sr,75.941760000,637.9412,8.39396,0.000000,mesuree
38,39,77,Sr,76.937945000,649.5662,8.43592,0.000000,mesuree
38,40,78,Sr,77.932180000,663.0076,8.50010,0.000000,mesuree
38,41,79,Sr,78.929705000,673.3843,8.52385,0.000000,mesuree
38,42,80,Sr,79.924518000,686.2873,8.57859,0.000000,mesuree
38,43,81,Sr,80.923211000,695.5761,8.58736,0.000000,mesuree
38,44,82,Sr,81.918400000,708.1288,8.63572,0.000000,mesuree
38,45,83,Sr,82.917554000,716.9882,8.63841,0.000000,mesuree
38,46,84,Sr,83.913419100,728.9111,8.67751,0.560000,mesuree
38,47,85,Sr,84.912932000,737.4362,8.67572,0.000000,mesuree
38,48,86,Sr,85.909260725,748.9273,8.70846,9.860000,mesuree
38,49,87,Sr,86.908877495,757.3556,8.70524,7.000000,mesuree
38,50,88,Sr,87.905612254,768.4684,8.73260,82.580000,mesuree
38,51,89,Sr,88.907450810,774.8272,8.70592,0.000000,mesuree
38,52,90,Sr,89.907727900,782.6404,8.69600,0.000000,mesuree
38,53,91,Sr,90.910196000,788.4127,8.66388,0.000000,mesuree
38,54,92,Sr,91.911038000,795.6997,8.64891,0.000000,mesuree
38,55,93,Sr,92.914024000,800.9895,8.61279,0.000000,mesuree
38,56,94,Sr,93.915355600,807.8205,8.59383,0.000000,mesuree
38,57,95,Sr,94.919358000,812.1636,8.54909,0.000000,mesuree
38,58,96,Sr,95.921719000,818.0356,8.52120,0.000000,mesuree
38,59,97,Sr,96.926376000,821.7690,8.47185,0.000000,mesuree
38,60,98,Sr,97.928693000,827.6820,8.44574,0.000000,mesuree
38,61,99,Sr,98.932884000,831.8495,8.40252,0.000000,mesuree
38,62,100,Sr,99.935783000,837.2204,8.37220,0.000000,mesuree
38,63,101,Sr,100.940606000,840.7991,8.32474,0.000000,mesuree
38,64,102,Sr,101.944000000,845.7089,8.29126,0.000000,mesuree
38,65,103,Sr,102.949240000,848.8992,8.24174,0.000000,estimee
38,66,104,Sr,103.953020000,853.4495,8.20625,0.000000,estimee
39,38,77,Y,76.950150000,637.4149,8.27812,0.000000,estimee
39,39,78,Y,77.943990000,651.2243,8.34903,0.000000,estimee
39,40,79,Y,78.937950000,664.9218,8.41673,0.000000,mesuree
39,41,80,Y,79.934355000,676.3419,8.45427,0.000000,mesuree
39,42,81,Y,80.929454000,688.9784,8.50591,0.000000,mesuree
39,43,82,Y,81.926930000,699.4008,8.52928,0.000000,mesuree
39,44,83,Y,82.922484000,711.6136,8.57366,0.000000,mesuree
39,45,84,Y,83.920671000,721.3737,8.58778,0.000000,mesuree
39,46,85,Y,84.916433000,733.3927,8.62815,0.000000,mesuree
39,47,86,Y,85.914886000,742.9050,8.63843,0.000000,mesuree
39,48,87,Y,86.910876100,754.7115,8.67485,0.000000,mesuree
39,49,88,Y,87.909501300,764.0635,8.68254,0.000000,mesuree
39,50,89,Y,88.905838200,775.5469,8.71401,100.000000,mesuree
39,51,90,Y,89.907141700,782.4041,8.69338,0.000000,mesuree
39,52,91,Y,90.907298000,790.3298,8.68494,0.000000,mesuree
39,53,92,Y,91.908946000,796.8660,8.66159,0.000000,mesuree
39,54,93,Y,92.909578000,804.3486,8.64891,0.000000,mesuree
39,55,94,Y,93.911592000,810.5439,8.62281,0.000000,mesuree
39,56,95,Y,94.912820000,817.4713,8.60496,0.000000,mesuree
39,57,96,Y,95.915909000,822.6653,8.56943,0.000000,mesuree
39,58,97,Y,96.918287000,828.5215,8.54146,0.000000,mesuree
39,59,98,Y,97.922395000,832.7662,8.49761,0.000000,mesuree
39,60,99,Y,98.924161000,839.1925,8.47669,0.000000,mesuree
39,61,100,Y,99.927728000,843.9412,8.43941,0.000000,mesuree
39,62,101,Y,100.930161000,849.7462,8.41333,0.000000,mesuree
39,63,102,Y,101.934328000,853.9360,8.37192,0.000000,mesuree
39,64,103,Y,102.937244000,859.2911,8.34263,0.000000,mesuree
39,65,104,Y,103.941940000,862.9881,8.29796,0.000000,estimee
39,66,105,Y,104.945710000,867.5477,8.26236,0.000000,estimee
39,67,106,Y,105.950840000,870.8404,8.21548,0.000000,estimee
40,39,79,Zr,78.949790000,653.1106,8.26722,0.000000,estimee
40,40,80,Zr,79.941210000,669.1741,8.36468,0.000000,estimee
40,41,81,Zr,80.938250000,680.0027,8.39509,0.000000,mesuree
40,42,82,Zr,81.931707500,694.1683,8.46547,0.000000,mesuree
40,43,83,Zr,82.929241000,704.5371,8.48840,0.000000,mesuree
40,44,84,Zr,83.923326000,718.1182,8.54903,0.000000,mesuree
40,45,85,Zr,84.921443000,727.9435,8.56404,0.000000,mesuree
40,46,86,Zr,85.916297000,740.8083,8.61405,0.000000,mesuree
40,47,87,Zr,86.914817000,750.2583,8.62366,0.000000,mesuree
40,48,88,Zr,87.910221000,762.6107,8.66603,0.000000,mesuree
40,49,89,Zr,88.908879800,771.9314,8.67339,0.000000,mesuree
40,50,90,Zr,89.904698760,783.8973,8.70997,51.450000,mesuree
40,51,91,Zr,90.905640210,791.0917,8.69331,11.220000,mesuree
40,52,92,Zr,91.905035340,799.7264,8.69268,17.150000,mesuree
40,53,93,Zr,92.906470700,806.4607,8.67162,0.000000,mesuree
40,54,94,Zr,93.906312520,814.6794,8.66680,17.380000,mesuree
40,55,95,Zr,94.908040300,821.1413,8.64359,0.000000,mesuree
40,56,96,Zr,95.908277620,828.9915,8.63533,2.800000,mesuree
40,57,97,Zr,96.910963800,834.5607,8.60372,0.000000,mesuree
40,58,98,Zr,97.912740000,840.9775,8.58140,0.000000,mesuree
40,59,99,Zr,98.916675000,845.3834,8.53923,0.000000,mesuree
40,60,100,Zr,99.918010000,852.2111,8.52211,0.000000,mesuree
40,61,101,Zr,100.921458000,857.0707,8.48585,0.000000,mesuree
40,62,102,Zr,101.923154000,863.5622,8.46630,0.000000,mesuree
40,63,103,Zr,102.927204000,867.8609,8.42583,0.000000,mesuree
40,64,104,Zr,103.929449000,873.8410,8.40232,0.000000,mesuree
40,65,105,Zr,104.934022000,877.6526,8.35860,0.000000,mesuree
40,66,106,Zr,105.936930000,883.0152,8.33033,0.000000,estimee
40,67,107,Zr,106.942010000,886.3545,8.28369,0.000000,estimee
40,68,108,Zr,107.945300000,891.3612,8.25334,0.000000,estimee
41,40,81,Nb,80.950230000,668.0610,8.24767,0.000000,estimee
41,41,82,Nb,81.944380000,681.5816,8.31197,0.000000,estimee
41,42,83,Nb,82.938150000,695.4561,8.37899,0.000000,mesuree
41,43,84,Nb,83.934305700,707.1084,8.41796,0.000000,mesuree
41,44,85,Nb,84.928846000,720.2653,8.47371,0.000000,mesuree
41,45,86,Nb,85.925782000,731.1908,8.50222,0.000000,mesuree
41,46,87,Nb,86.920692000,744.0034,8.55176,0.000000,mesuree
41,47,88,Nb,87.918230000,754.3680,8.57236,0.000000,mesuree
41,48,89,Nb,88.913445000,766.8966,8.61682,0.000000,mesuree
41,49,90,Nb,89.911259000,777.0041,8.63338,0.000000,mesuree
41,50,91,Nb,90.906990000,789.0520,8.67090,0.000000,mesuree
41,51,92,Nb,91.907188600,796.9383,8.66237,0.000000,mesuree
41,52,93,Nb,92.906373200,805.7692,8.66418,100.000000,mesuree
41,53,94,Nb,93.907279000,812.9967,8.64890,0.000000,mesuree
41,54,95,Nb,94.906831100,821.4853,8.64721,0.000000,mesuree
41,55,96,Nb,95.908101590,828.3731,8.62889,0.000000,mesuree
41,56,97,Nb,96.908102000,836.4441,8.62313,0.000000,mesuree
41,57,98,Nb,97.910333000,842.4372,8.59630,0.000000,mesuree
41,58,99,Nb,98.911609000,849.3200,8.57899,0.000000,mesuree
41,59,100,Nb,99.914341000,854.8464,8.54846,0.000000,mesuree
41,60,101,Nb,100.915307000,862.0179,8.53483,0.000000,mesuree
41,61,102,Nb,101.918090400,867.4965,8.50487,0.000000,mesuree
41,62,103,Nb,102.919453000,874.2986,8.48834,0.000000,mesuree
41,63,104,Nb,103.922907700,879.1519,8.45338,0.000000,mesuree
41,64,105,Nb,104.924943000,885.3273,8.43169,0.000000,mesuree
41,65,106,Nb,105.928928500,889.6862,8.39327,0.000000,mesuree
41,66,107,Nb,106.931590000,895.2783,8.36709,0.000000,mesuree
41,67,108,Nb,107.936076000,899.1710,8.32566,0.000000,mesuree
41,68,109,Nb,108.939140000,904.3882,8.29714,0.000000,mesuree
41,69,110,Nb,109.943840000,908.0815,8.25529,0.000000,mesuree
42,41,83,Mo,82.950250000,683.4027,8.23377,0.000000,estimee
42,42,84,Mo,83.941850000,699.2985,8.32498,0.000000,estimee
42,43,85,Mo,84.938261000,710.7130,8.36133,0.000000,mesuree
42,44,86,Mo,85.931174000,725.3858,8.43472,0.000000,mesuree
42,45,87,Mo,86.928196000,736.2311,8.46243,0.000000,mesuree
42,46,88,Mo,87.921968000,750.1038,8.52391,0.000000,mesuree
42,47,89,Mo,88.919468000,760.5038,8.54499,0.000000,mesuree
42,48,90,Mo,89.913931000,773.7328,8.59703,0.000000,mesuree
42,49,91,Mo,90.911745000,783.8404,8.61363,0.000000,mesuree
42,50,92,Mo,91.906807150,796.5113,8.65773,14.649000,mesuree
42,51,93,Mo,92.906808770,804.5811,8.65141,0.000000,mesuree
42,52,94,Mo,93.905083590,814.2594,8.66233,9.187000,mesuree
42,53,95,Mo,94.905837440,821.6285,8.64872,15.873000,mesuree
42,54,96,Mo,95.904674770,830.7829,8.65399,16.673000,mesuree
42,55,97,Mo,96.906016900,837.6040,8.63509,9.582000,mesuree
42,56,98,Mo,97.905403610,846.2466,8.63517,24.292000,mesuree
42,57,99,Mo,98.907707300,852.1720,8.60780,0.000000,mesuree
42,58,100,Mo,99.907468000,860.4663,8.60466,9.744000,mesuree
42,59,101,Mo,100.910337600,865.8646,8.57292,0.000000,mesuree
42,60,102,Mo,101.910294000,873.9765,8.56840,0.000000,mesuree
42,61,103,Mo,102.913092000,879.4415,8.53827,0.000000,mesuree
42,62,104,Mo,103.913747000,886.9027,8.52791,0.000000,mesuree
42,63,105,Mo,104.916982000,891.9606,8.49486,0.000000,mesuree
42,64,106,Mo,105.918273000,898.8294,8.47952,0.000000,mesuree
42,65,107,Mo,106.922120000,903.3172,8.44222,0.000000,mesuree
42,66,108,Mo,107.924048000,909.5926,8.42215,0.000000,mesuree
42,67,109,Mo,108.928438000,913.5747,8.38142,0.000000,mesuree
42,68,110,Mo,109.930718000,919.5222,8.35929,0.000000,mesuree
42,69,111,Mo,110.935652000,922.9975,8.31529,0.000000,mesuree
42,70,112,Mo,111.938290000,928.6116,8.29117,0.000000,estimee
42,71,113,Mo,112.943480000,931.8484,8.24645,0.000000,estimee
43,42,85,Tc,84.950780000,698.2693,8.21493,0.000000,estimee
43,43,86,Tc,85.944640000,712.0600,8.27977,0.000000,estimee
43,44,87,Tc,86.938067000,726.2540,8.34775,0.000000,mesuree
43,45,88,Tc,87.933794000,738.3056,8.38984,0.000000,mesuree
43,46,89,Tc,88.927649000,752.1009,8.45057,0.000000,mesuree
43,47,90,Tc,89.924073900,763.5024,8.48336,0.000000,mesuree
43,48,91,Tc,90.918425000,776.8357,8.53666,0.000000,mesuree
43,49,92,Tc,91.915270000,787.8458,8.56354,0.000000,mesuree
43,50,93,Tc,92.910245100,800.5978,8.60858,0.000000,mesuree
43,51,94,Tc,93.909652000,809.2216,8.60874,0.000000,mesuree
43,52,95,Tc,94.907652000,819.1559,8.62269,0.000000,mesuree
43,53,96,Tc,95.907867000,827.0270,8.61486,0.000000,mesuree
43,54,97,Tc,96.906361000,836.5011,8.62372,0.000000,mesuree
43,55,98,Tc,97.907211000,843.7807,8.61001,0.000000,mesuree
43,56,99,Tc,98.906249700,852.7474,8.61361,0.000000,mesuree
43,57,100,Tc,99.907652700,859.5119,8.59512,0.000000,mesuree
43,58,101,Tc,100.907305000,867.9071,8.59314,0.000000,mesuree
43,59,102,Tc,101.909207000,874.2067,8.57065,0.000000,mesuree
43,60,103,Tc,102.909174000,882.3087,8.56610,0.000000,mesuree
43,61,104,Tc,103.911434000,888.2749,8.54110,0.000000,mesuree
43,62,105,Tc,104.911660000,896.1357,8.53463,0.000000,mesuree
43,63,106,Tc,105.914357000,901.6948,8.50655,0.000000,mesuree
43,64,107,Tc,106.915458000,908.7405,8.49290,0.000000,mesuree
43,65,108,Tc,107.918493000,913.9847,8.46282,0.000000,mesuree
43,66,109,Tc,108.920254000,920.4157,8.44418,0.000000,mesuree
43,67,110,Tc,109.923741000,925.2389,8.41126,0.000000,mesuree
43,68,111,Tc,110.925899000,931.3000,8.39009,0.000000,mesuree
43,69,112,Tc,111.929942000,935.6053,8.35362,0.000000,mesuree
43,70,113,Tc,112.932569000,941.2296,8.32947,0.000000,mesuree
43,71,114,Tc,113.937090000,945.0896,8.29026,0.000000,mesuree
43,72,115,Tc,114.940100000,950.3572,8.26398,0.000000,estimee
44,43,87,Ru,86.950910000,713.5085,8.20125,0.000000,estimee
44,44,88,Ru,87.941660000,730.1961,8.29768,0.000000,estimee
44,45,89,Ru,88.937338000,742.2933,8.34037,0.000000,mesuree
44,46,90,Ru,89.930344000,756.8795,8.40977,0.000000,mesuree
44,47,91,Ru,90.926741500,768.3065,8.44293,0.000000,mesuree
44,48,92,Ru,91.920234400,782.4392,8.50477,0.000000,mesuree
44,49,93,Ru,92.917104400,793.4261,8.53146,0.000000,mesuree
44,50,94,Ru,93.911343000,806.8641,8.58366,0.000000,mesuree
44,51,95,Ru,94.910404000,815.8101,8.58747,0.000000,mesuree
44,52,96,Ru,95.907588910,826.5037,8.60941,5.540000,mesuree
44,53,97,Ru,96.907545800,834.6151,8.60428,0.000000,mesuree
44,54,98,Ru,97.905287000,844.7905,8.62031,1.870000,mesuree
44,55,99,Ru,98.905930300,852.2626,8.60871,12.760000,mesuree
44,56,100,Ru,99.904210500,861.9359,8.61936,12.600000,mesuree
44,57,101,Ru,100.905573100,868.7380,8.60137,17.060000,mesuree
44,58,102,Ru,101.904340300,877.9576,8.60743,31.550000,mesuree
44,59,103,Ru,102.906314800,884.1897,8.58437,0.000000,mesuree
44,60,104,Ru,103.905425300,893.0896,8.58740,18.620000,mesuree
44,61,105,Ru,104.907745500,898.9997,8.56190,0.000000,mesuree
44,62,106,Ru,105.907328000,907.4599,8.56094,0.000000,mesuree
44,63,107,Ru,106.909970000,913.0702,8.53337,0.000000,mesuree
44,64,108,Ru,107.910186000,920.9403,8.52723,0.000000,mesuree
44,65,109,Ru,108.913324000,926.0886,8.49623,0.000000,mesuree
44,66,110,Ru,109.914039000,933.4939,8.48631,0.000000,mesuree
44,67,111,Ru,110.917568000,938.2780,8.45295,0.000000,mesuree
44,68,112,Ru,111.918807000,945.1952,8.43924,0.000000,mesuree
44,69,113,Ru,112.922850000,949.5005,8.40266,0.000000,mesuree
44,70,114,Ru,113.924614000,955.9286,8.38534,0.000000,mesuree
44,71,115,Ru,114.929033000,959.8837,8.34681,0.000000,mesuree
44,72,116,Ru,115.931219000,965.9187,8.32689,0.000000,mesuree
44,73,117,Ru,116.936140000,969.4062,8.28552,0.000000,mesuree
44,74,118,Ru,117.938810000,974.9904,8.26263,0.000000,estimee
45,44,89,Rh,88.950990000,728.7942,8.18870,0.000000,estimee
45,45,90,Rh,89.944570000,742.8457,8.25384,0.000000,estimee
45,46,91,Rh,90.937120000,757.8567,8.32810,0.000000,estimee
45,47,92,Rh,91.932368000,770.3545,8.37342,0.000000,mesuree
45,48,93,Rh,92.925912800,784.4388,8.43483,0.000000,mesuree
45,49,94,Rh,93.921730000,796.4063,8.47241,0.000000,mesuree
45,50,95,Rh,94.915898000,809.9101,8.52537,0.000000,mesuree
45,51,96,Rh,95.914452000,819.3284,8.53467,0.000000,mesuree
45,52,97,Rh,96.911330000,830.3078,8.55987,0.000000,mesuree
45,53,98,Rh,97.910708000,838.9585,8.56080,0.000000,mesuree
45,54,99,Rh,98.908121000,849.4396,8.58020,0.000000,mesuree
45,55,100,Rh,99.908114000,857.5175,8.57517,0.000000,mesuree
45,56,101,Rh,100.906159000,867.4099,8.58822,0.000000,mesuree
45,57,102,Rh,101.906834000,874.8524,8.57698,0.000000,mesuree
45,58,103,Rh,102.905494100,884.1718,8.58419,100.000000,mesuree
45,59,104,Rh,103.906645300,891.1708,8.56895,0.000000,mesuree
45,60,105,Rh,104.905687800,900.1340,8.57271,0.000000,mesuree
45,61,106,Rh,105.907286000,906.7167,8.55393,0.000000,mesuree
45,62,107,Rh,106.906748000,915.2891,8.55410,0.000000,mesuree
45,63,108,Rh,107.908715000,921.5282,8.53267,0.000000,mesuree
45,64,109,Rh,108.908750000,929.5669,8.52814,0.000000,mesuree
45,65,110,Rh,109.911080000,935.4678,8.50425,0.000000,mesuree
45,66,111,Rh,110.911643000,943.0147,8.49563,0.000000,mesuree
45,67,112,Rh,111.914410000,948.5086,8.46883,0.000000,mesuree
45,68,113,Rh,112.915440000,955.6205,8.45682,0.000000,mesuree
45,69,114,Rh,113.918720000,960.6365,8.42664,0.000000,mesuree
45,70,115,Rh,114.920312000,967.2249,8.41065,0.000000,mesuree
45,71,116,Rh,115.924060000,971.8050,8.37763,0.000000,mesuree
45,72,117,Rh,116.926036000,978.0356,8.35928,0.000000,mesuree
45,73,118,Rh,117.930341000,982.0969,8.32285,0.000000,mesuree
45,74,119,Rh,118.932557000,988.1040,8.30339,0.000000,mesuree
45,75,120,Rh,119.937070000,991.9715,8.26643,0.000000,estimee
45,76,121,Rh,120.939610000,997.6768,8.24526,0.000000,mesuree
46,45,91,Pd,90.950440000,744.6668,8.18315,0.000000,estimee
46,46,92,Pd,91.941190000,761.3545,8.27559,0.000000,mesuree
46,47,93,Pd,92.936680000,773.6268,8.31857,0.000000,mesuree
46,48,94,Pd,93.929036000,788.8185,8.39169,0.000000,mesuree
46,49,95,Pd,94.924889000,800.7527,8.42898,0.000000,mesuree
46,50,96,Pd,95.918214000,815.0418,8.49002,0.000000,mesuree
46,51,97,Pd,96.916472000,824.7357,8.50243,0.000000,mesuree
46,52,98,Pd,97.912698000,836.3225,8.53390,0.000000,mesuree
46,53,99,Pd,98.911773000,845.2555,8.53793,0.000000,mesuree
46,54,100,Pd,99.908520000,856.3569,8.56357,0.000000,mesuree
46,55,101,Pd,100.908285000,864.6472,8.56086,0.000000,mesuree
46,56,102,Pd,101.905632300,875.1894,8.58029,1.020000,mesuree
46,57,103,Pd,102.906111100,882.8148,8.57102,0.000000,mesuree
46,58,104,Pd,103.904030400,892.8242,8.58485,11.140000,mesuree
46,59,105,Pd,104.905079500,899.9183,8.57065,22.330000,mesuree
46,60,106,Pd,105.903480300,909.4793,8.57999,27.330000,mesuree
46,61,107,Pd,106.905128100,916.0157,8.56089,0.000000,mesuree
46,62,108,Pd,107.903891800,925.2386,8.56702,26.460000,mesuree
46,63,109,Pd,108.905950600,931.3922,8.54488,0.000000,mesuree
46,64,110,Pd,109.905172900,940.1879,8.54716,11.720000,mesuree
46,65,111,Pd,110.907690400,945.9142,8.52175,0.000000,mesuree
46,66,112,Pd,111.907331000,954.3203,8.52072,0.000000,mesuree
46,67,113,Pd,112.910262000,959.6614,8.49258,0.000000,mesuree
46,68,114,Pd,113.910369000,967.6331,8.48801,0.000000,mesuree
46,69,115,Pd,114.913659000,972.6398,8.45774,0.000000,mesuree
46,70,116,Pd,115.914298000,980.1159,8.44927,0.000000,mesuree
46,71,117,Pd,116.917956000,984.7798,8.41692,0.000000,mesuree
46,72,118,Pd,117.919067300,991.8159,8.40522,0.000000,mesuree
46,73,119,Pd,118.923341000,995.9063,8.36896,0.000000,mesuree
46,74,120,Pd,119.924551700,1002.8499,8.35708,0.000000,mesuree
46,75,121,Pd,120.928950000,1006.8242,8.32086,0.000000,mesuree
46,76,122,Pd,121.930632000,1013.3287,8.30597,0.000000,mesuree
46,77,123,Pd,122.935130000,1017.2102,8.27000,0.000000,mesuree
47,47,94,Ag,93.943740000,774.3395,8.23765,0.000000,estimee
47,48,95,Ag,94.935690000,789.9093,8.31483,0.000000,estimee
47,49,96,Ag,95.930740000,802.5915,8.36033,0.000000,mesuree
47,50,97,Ag,96.923881000,817.0520,8.42322,0.000000,mesuree
47,51,98,Ag,97.921560000,827.2853,8.44169,0.000000,mesuree
47,52,99,Ag,98.917646000,839.0025,8.47477,0.000000,mesuree
47,53,100,Ag,99.916115000,848.4999,8.48500,0.000000,mesuree
47,54,101,Ag,100.912684000,859.7672,8.51255,0.000000,mesuree
47,55,102,Ag,101.911705000,868.7504,8.51716,0.000000,mesuree
47,56,103,Ag,102.908961000,879.3778,8.53765,0.000000,mesuree
47,57,104,Ag,103.908624000,887.7630,8.53618,0.000000,mesuree
47,58,105,Ag,104.906526000,897.7886,8.55037,0.000000,mesuree
47,59,106,Ag,105.906663000,905.7323,8.54464,0.000000,mesuree
47,60,107,Ag,106.905091500,915.2674,8.55390,51.839000,mesuree
47,61,108,Ag,107.905950200,922.5389,8.54203,0.000000,mesuree
47,62,109,Ag,108.904755800,931.7228,8.54792,48.161000,mesuree
47,63,110,Ag,109.906110700,938.5320,8.53211,0.000000,mesuree
47,64,111,Ag,110.905296800,947.3615,8.53479,0.000000,mesuree
47,65,112,Ag,111.907048500,953.8011,8.51608,0.000000,mesuree
47,66,113,Ag,112.906573000,962.3153,8.51606,0.000000,mesuree
47,67,114,Ag,113.908823000,968.2908,8.49378,0.000000,mesuree
47,68,115,Ag,114.908767000,976.4143,8.49056,0.000000,mesuree
47,69,116,Ag,115.911387000,982.0451,8.46591,0.000000,mesuree
47,70,117,Ag,116.911774000,989.7559,8.45945,0.000000,mesuree
47,71,118,Ag,117.914595500,995.1990,8.43389,0.000000,mesuree
47,72,119,Ag,118.915570000,1002.3626,8.42322,0.000000,mesuree
47,73,120,Ag,119.918785000,1007.4392,8.39533,0.000000,mesuree
47,74,121,Ag,120.920125000,1014.2623,8.38233,0.000000,mesuree
47,75,122,Ag,121.923660000,1019.0408,8.35279,0.000000,mesuree
47,76,123,Ag,122.925320000,1025.5658,8.33793,0.000000,mesuree
47,77,124,Ag,123.928900000,1030.3024,8.30889,0.000000,mesuree
47,78,125,Ag,124.930740000,1036.6597,8.29328,0.000000,mesuree
47,79,126,Ag,125.934810000,1040.9399,8.26143,0.000000,estimee
47,80,127,Ag,126.937040000,1046.9340,8.24357,0.000000,estimee
48,48,96,Cd,95.940340000,792.8668,8.25903,0.000000,estimee
48,49,97,Cd,96.934800000,806.0986,8.31030,0.000000,mesuree
48,50,98,Cd,97.927390000,821.0723,8.37829,0.000000,mesuree
48,51,99,Cd,98.924925800,831.4390,8.39837,0.000000,mesuree
48,52,100,Cd,99.920348800,843.7738,8.43774,0.000000,mesuree
48,53,101,Cd,100.918586200,853.4870,8.45037,0.000000,mesuree
48,54,102,Cd,101.914481800,865.3815,8.48413,0.000000,mesuree
48,55,103,Cd,102.913416900,874.4448,8.48975,0.000000,mesuree
48,56,104,Cd,103.909856200,885.8329,8.51762,0.000000,mesuree
48,57,105,Cd,104.909463900,894.2696,8.51685,0.000000,mesuree
48,58,106,Cd,105.906459800,905.1392,8.53905,1.245000,mesuree
48,59,107,Cd,106.906612000,913.0688,8.53335,0.000000,mesuree
48,60,108,Cd,107.904183600,923.4021,8.55002,0.888000,mesuree
48,61,109,Cd,108.904986700,930.7254,8.53876,0.000000,mesuree
48,62,110,Cd,109.903007500,940.6403,8.55128,12.470000,mesuree
48,63,111,Cd,110.904183800,947.6159,8.53708,12.795000,mesuree
48,64,112,Cd,111.902763900,957.0098,8.54473,24.109000,mesuree
48,65,113,Cd,112.904408110,963.5496,8.52699,12.227000,mesuree
48,66,114,Cd,113.903365000,972.5925,8.53151,28.754000,mesuree
48,67,115,Cd,114.905437400,978.7334,8.51073,0.000000,mesuree
48,68,116,Cd,115.904763230,987.4327,8.51235,7.512000,mesuree
48,69,117,Cd,116.907226000,993.2100,8.48897,0.000000,mesuree
48,70,118,Cd,117.906922000,1001.5645,8.48783,0.000000,mesuree
48,71,119,Cd,118.909850000,1006.9084,8.46142,0.000000,mesuree
48,72,120,Cd,119.909868000,1014.9629,8.45802,0.000000,mesuree
48,73,121,Cd,120.912963700,1020.1506,8.43100,0.000000,mesuree
48,74,122,Cd,121.913459100,1027.7605,8.42427,0.000000,mesuree
48,75,123,Cd,122.916892500,1032.6336,8.39540,0.000000,mesuree
48,76,124,Cd,123.917659800,1039.9902,8.38702,0.000000,mesuree
48,77,125,Cd,124.921258000,1044.7098,8.35768,0.000000,mesuree
48,78,126,Cd,125.922430300,1051.6891,8.34674,0.000000,mesuree
48,79,127,Cd,126.926203000,1056.2462,8.31690,0.000000,mesuree
48,80,128,Cd,127.927817000,1062.8141,8.30324,0.000000,mesuree
48,81,129,Cd,128.932236000,1066.7692,8.26953,0.000000,mesuree
48,82,130,Cd,129.934388000,1072.8359,8.25258,0.000000,mesuree
49,49,98,In,97.942130000,806.5597,8.23020,0.000000,estimee
49,50,99,In,98.934110000,822.1016,8.30406,0.000000,estimee
49,51,100,In,99.931101900,832.9750,8.32975,0.000000,mesuree
49,52,101,In,100.926414000,845.4131,8.37043,0.000000,mesuree
49,53,102,In,101.924106000,855.6343,8.38857,0.000000,mesuree
49,54,103,In,102.919879000,867.6430,8.42372,0.000000,mesuree
49,55,104,In,103.918215000,877.2643,8.43523,0.000000,mesuree
49,56,105,In,104.914502000,888.7943,8.46471,0.000000,mesuree
49,57,106,In,105.913464000,897.8325,8.47012,0.000000,mesuree
49,58,107,In,106.910287000,908.8632,8.49405,0.000000,mesuree
49,59,108,In,107.909694000,917.4869,8.49525,0.000000,mesuree
49,60,109,In,108.907150000,927.9279,8.51310,0.000000,mesuree
49,61,110,In,109.907171000,935.9797,8.50891,0.000000,mesuree
49,62,111,In,110.905107000,945.9736,8.52228,0.000000,mesuree
49,63,112,In,111.905539000,953.6425,8.51467,0.000000,mesuree
49,64,113,In,112.904060450,963.0911,8.52293,4.281000,mesuree
49,65,114,In,113.904916400,970.3651,8.51197,0.000000,mesuree
49,66,115,In,114.903878773,979.4029,8.51655,95.719000,mesuree
49,67,116,In,115.905259990,986.1877,8.50162,0.000000,mesuree
49,68,117,In,116.904516000,994.9520,8.50386,0.000000,mesuree
49,69,118,In,117.906357000,1001.3084,8.48566,0.000000,mesuree
49,70,119,In,118.905852000,1009.8502,8.48614,0.000000,mesuree
49,71,120,In,119.907970000,1015.9486,8.46624,0.000000,mesuree
49,72,121,In,120.907853000,1024.1289,8.46388,0.000000,mesuree
49,73,122,In,121.910280000,1029.9395,8.44213,0.000000,mesuree
49,74,123,In,122.910435000,1037.8664,8.43794,0.000000,mesuree
49,75,124,In,123.913180000,1043.3808,8.41436,0.000000,mesuree
49,76,125,In,124.913673800,1050.9921,8.40794,0.000000,mesuree
49,77,126,In,125.916468000,1056.4606,8.38461,0.000000,mesuree
49,78,127,In,126.917466000,1063.6023,8.37482,0.000000,mesuree
49,79,128,In,127.920353600,1068.9839,8.35144,0.000000,mesuree
49,80,129,In,128.921808500,1075.7000,8.33876,0.000000,mesuree
49,81,130,In,129.924952300,1080.8428,8.31418,0.000000,mesuree
49,82,131,In,130.926972800,1087.0321,8.29795,0.000000,mesuree
49,83,132,In,131.933000000,1089.4891,8.25371,0.000000,mesuree
49,84,133,In,132.938070000,1092.8377,8.21683,0.000000,estimee
49,85,134,In,133.944210000,1095.1897,8.17306,0.000000,estimee
50,50,100,Sn,99.938650000,825.1616,8.25162,0.000000,mesuree
50,51,101,Sn,100.935260000,836.3907,8.28110,0.000000,mesuree
50,52,102,Sn,101.930290000,849.0916,8.32443,0.000000,mesuree
50,53,103,Sn,102.927970000,859.3239,8.34295,0.000000,estimee
50,54,104,Sn,103.923105000,871.9270,8.38391,0.000000,mesuree
50,55,105,Sn,104.921268000,881.7095,8.39723,0.000000,mesuree
50,56,106,Sn,105.916957000,893.7964,8.43204,0.000000,mesuree
50,57,107,Sn,106.915714000,903.0256,8.43949,0.000000,mesuree
50,58,108,Sn,107.911894000,914.6552,8.46903,0.000000,mesuree
50,59,109,Sn,108.911293000,923.2864,8.47052,0.000000,mesuree
50,60,110,Sn,109.907845000,934.5695,8.49609,0.000000,mesuree
50,61,111,Sn,110.907741000,942.7377,8.49313,0.000000,mesuree
50,62,112,Sn,111.904824900,953.5253,8.51362,0.970000,mesuree
50,63,113,Sn,112.905175900,961.2697,8.50681,0.000000,mesuree
50,64,114,Sn,113.902780130,971.5727,8.52257,0.660000,mesuree
50,65,115,Sn,114.903344696,979.1181,8.51407,0.340000,mesuree
50,66,116,Sn,115.901742830,988.6815,8.52312,14.540000,mesuree
50,67,117,Sn,116.902954000,995.6247,8.50961,7.680000,mesuree
50,68,118,Sn,117.901606600,1004.9511,8.51653,24.220000,mesuree
50,69,119,Sn,118.903311300,1011.4345,8.49945,8.590000,mesuree
50,70,120,Sn,119.902202600,1020.5385,8.50449,32.580000,mesuree
50,71,121,Sn,120.904243500,1026.7088,8.48520,0.000000,mesuree
50,72,122,Sn,121.903445500,1035.5234,8.48790,4.630000,mesuree
50,73,123,Sn,122.905727100,1041.4694,8.46723,0.000000,mesuree
50,74,124,Sn,123.905279600,1049.9576,8.46740,5.790000,mesuree
50,75,125,Sn,124.907789400,1055.6910,8.44553,0.000000,mesuree
50,76,126,Sn,125.907659000,1063.8838,8.44352,0.000000,mesuree
50,77,127,Sn,126.910392000,1069.4094,8.42055,0.000000,mesuree
50,78,128,Sn,127.910508000,1077.3726,8.41697,0.000000,mesuree
50,79,129,Sn,128.913482000,1082.6737,8.39282,0.000000,mesuree
50,80,130,Sn,129.913974500,1090.2863,8.38682,0.000000,mesuree
50,81,131,Sn,130.917053000,1095.4900,8.36252,0.000000,mesuree
50,82,132,Sn,131.917823900,1102.8432,8.35487,0.000000,mesuree
50,83,133,Sn,132.923913800,1105.2418,8.31009,0.000000,mesuree
50,84,134,Sn,133.928680000,1108.8734,8.27517,0.000000,mesuree
50,85,135,Sn,134.934909000,1111.1425,8.23069,0.000000,mesuree
50,86,136,Sn,135.939700000,1114.7510,8.19670,0.000000,estimee
50,87,137,Sn,136.946160000,1116.8049,8.15186,0.000000,estimee
51,52,103,Sb,102.939160000,848.1182,8.23416,0.000000,estimee
51,53,104,Sb,103.936340000,858.8163,8.25785,0.000000,estimee
51,54,105,Sb,104.931277000,871.6038,8.30099,0.000000,mesuree
51,55,106,Sb,105.928638000,882.1333,8.32201,0.000000,mesuree
51,56,107,Sb,106.924151000,894.3842,8.35873,0.000000,mesuree
51,57,108,Sb,107.922227000,904.2478,8.37266,0.000000,mesuree
51,58,109,Sb,108.918141000,916.1252,8.40482,0.000000,mesuree
51,59,110,Sb,109.916854000,925.3953,8.41268,0.000000,mesuree
51,60,111,Sb,110.913218000,936.8535,8.44012,0.000000,mesuree
51,61,112,Sb,111.912400000,945.6868,8.44363,0.000000,mesuree
51,62,113,Sb,112.909375000,956.5759,8.46527,0.000000,mesuree
51,63,114,Sb,113.909289000,964.7273,8.46252,0.000000,mesuree
51,64,115,Sb,114.906598000,975.3053,8.48092,0.000000,mesuree
51,65,116,Sb,115.906793000,983.1950,8.47582,0.000000,mesuree
51,66,117,Sb,116.904842000,993.0836,8.48789,0.000000,mesuree
51,67,118,Sb,117.905532000,1000.5122,8.47892,0.000000,mesuree
51,68,119,Sb,118.903944000,1010.0628,8.48792,0.000000,mesuree
51,69,120,Sb,119.905080000,1017.0759,8.47563,0.000000,mesuree
51,70,121,Sb,120.903811400,1026.3289,8.48206,57.210000,mesuree
51,71,122,Sb,121.905169300,1033.1354,8.46832,0.000000,mesuree
51,72,123,Sb,122.904215300,1042.0953,8.47232,42.790000,mesuree
51,73,124,Sb,123.905937100,1048.5628,8.45615,0.000000,mesuree
51,74,125,Sb,124.905254300,1057.2701,8.45816,0.000000,mesuree
51,75,126,Sb,125.907250000,1063.4825,8.44034,0.000000,mesuree
51,76,127,Sb,126.906926000,1071.8556,8.43981,0.000000,mesuree
51,77,128,Sb,127.909146000,1077.8590,8.42077,0.000000,mesuree
51,78,129,Sb,128.909147000,1085.9294,8.41806,0.000000,mesuree
51,79,130,Sb,129.911663000,1091.6571,8.39736,0.000000,mesuree
51,80,131,Sb,130.911989300,1099.4244,8.39255,0.000000,mesuree
51,81,132,Sb,131.914508000,1105.1496,8.37235,0.000000,mesuree
51,82,133,Sb,132.915272000,1112.5092,8.36473,0.000000,mesuree
51,83,134,Sb,133.920537000,1115.6763,8.32594,0.000000,mesuree
51,84,135,Sb,134.925184400,1119.4185,8.29199,0.000000,mesuree
51,85,136,Sb,135.930749000,1122.3065,8.25225,0.000000,mesuree
51,86,137,Sb,136.935520000,1125.9336,8.21849,0.000000,mesuree
51,87,138,Sb,137.941330000,1128.5930,8.17821,0.000000,estimee
51,88,139,Sb,138.946270000,1132.0627,8.14434,0.000000,estimee
52,54,106,Te,105.937500000,873.0961,8.23676,0.000000,mesuree
52,55,107,Te,106.934880000,883.6079,8.25802,0.000000,estimee
52,56,108,Te,107.929380000,896.8024,8.30373,0.000000,mesuree
52,57,109,Te,108.927305000,906.8066,8.31933,0.000000,mesuree
52,58,110,Te,109.922458000,919.3929,8.35812,0.000000,mesuree
52,59,111,Te,110.921001000,928.8214,8.36776,0.000000,mesuree
52,60,112,Te,111.916728000,940.8730,8.40065,0.000000,mesuree
52,61,113,Te,112.915890000,949.7249,8.40464,0.000000,mesuree
52,62,114,Te,113.912088000,961.3377,8.43279,0.000000,mesuree
52,63,115,Te,114.911900000,969.5842,8.43117,0.000000,mesuree
52,64,116,Te,115.908466000,980.8542,8.45564,0.000000,mesuree
52,65,117,Te,116.908646000,988.7579,8.45092,0.000000,mesuree
52,66,118,Te,117.905860000,999.4244,8.46970,0.000000,mesuree
52,67,119,Te,118.906406000,1006.9871,8.46208,0.000000,mesuree
52,68,120,Te,119.904065800,1017.2383,8.47699,0.090000,mesuree
52,69,121,Te,120.904945000,1024.4906,8.46686,0.000000,mesuree
52,70,122,Te,121.903044700,1034.3321,8.47813,2.550000,mesuree
52,71,123,Te,122.904271000,1041.2611,8.46554,0.890000,mesuree
52,72,124,Te,123.902818300,1050.6856,8.47327,4.740000,mesuree
52,73,125,Te,124.904431200,1057.2545,8.45804,7.070000,mesuree
52,74,126,Te,125.903312100,1066.3683,8.46324,18.840000,mesuree
52,75,127,Te,126.905227000,1072.6559,8.44611,0.000000,mesuree
52,76,128,Te,127.904461200,1081.4405,8.44875,31.740000,mesuree
52,77,129,Te,128.906596400,1087.5229,8.43041,0.000000,mesuree
52,78,130,Te,129.906222745,1095.9423,8.43033,34.080000,mesuree
52,79,131,Te,130.908522210,1101.8717,8.41123,0.000000,mesuree
52,80,132,Te,131.908547000,1109.9199,8.40848,0.000000,mesuree
52,81,133,Te,132.910963300,1115.7404,8.38903,0.000000,mesuree
52,82,134,Te,133.911396400,1123.4083,8.38364,0.000000,mesuree
52,83,135,Te,134.916554700,1126.6747,8.34574,0.000000,mesuree
52,84,136,Te,135.920101200,1131.4425,8.31943,0.000000,mesuree
52,85,137,Te,136.925599400,1134.3923,8.28024,0.000000,mesuree
52,86,138,Te,137.929472000,1138.8563,8.25258,0.000000,mesuree
52,87,139,Te,138.935367000,1141.4364,8.21177,0.000000,mesuree
52,88,140,Te,139.939487000,1145.6700,8.18336,0.000000,mesuree
52,89,141,Te,140.945600000,1148.0471,8.14218,0.000000,estimee
52,90,142,Te,141.950030000,1151.9919,8.11262,0.000000,estimee
53,55,108,I,107.943350000,883.0071,8.17599,0.000000,estimee
53,56,109,I,108.938086000,895.9818,8.22002,0.000000,mesuree
53,57,110,I,109.935090000,906.8439,8.24404,0.000000,mesuree
53,58,111,I,110.930269000,919.4059,8.28294,0.000000,mesuree
53,59,112,I,111.928005000,929.5862,8.29988,0.000000,mesuree
53,60,113,I,112.923650000,941.7141,8.33375,0.000000,mesuree
53,61,114,I,113.922019000,951.3047,8.34478,0.000000,mesuree
53,62,115,I,114.918050000,963.0731,8.37455,0.000000,mesuree
53,63,116,I,115.916890000,972.2250,8.38125,0.000000,mesuree
53,64,117,I,116.913646000,983.3181,8.40443,0.000000,mesuree
53,65,118,I,117.913074000,991.9222,8.40612,0.000000,mesuree
53,66,119,I,118.910061000,1002.8001,8.42689,0.000000,mesuree
53,67,120,I,119.910094000,1010.8407,8.42367,0.000000,mesuree
53,68,121,I,120.907411000,1021.4112,8.44141,0.000000,mesuree
53,69,122,I,121.907590000,1029.3158,8.43701,0.000000,mesuree
53,70,123,I,122.905590000,1039.2501,8.44919,0.000000,mesuree
53,71,124,I,123.906210300,1046.7436,8.44148,0.000000,mesuree
53,72,125,I,124.904630600,1056.2864,8.45029,0.000000,mesuree
53,73,126,I,125.905624000,1063.4324,8.43994,0.000000,mesuree
53,74,127,I,126.904473000,1072.5759,8.44548,100.000000,mesuree
53,75,128,I,127.905809000,1079.4027,8.43283,0.000000,mesuree
53,76,129,I,128.904984000,1088.2425,8.43599,0.000000,mesuree
53,77,130,I,129.906670000,1094.7433,8.42110,0.000000,mesuree
53,78,131,I,130.906126400,1103.3210,8.42230,0.000000,mesuree
53,79,132,I,131.907994000,1109.6527,8.40646,0.000000,mesuree
53,80,133,I,132.907828000,1117.8786,8.40510,0.000000,mesuree
53,81,134,I,133.909776000,1124.1354,8.38907,0.000000,mesuree
53,82,135,I,134.910059400,1131.9427,8.38476,0.000000,mesuree
53,83,136,I,135.914605000,1135.7798,8.35132,0.000000,mesuree
53,84,137,I,136.918028000,1140.6626,8.32600,0.000000,mesuree
53,85,138,I,137.922726000,1144.3578,8.29245,0.000000,mesuree
53,86,139,I,138.926493000,1148.9202,8.26561,0.000000,mesuree
53,87,140,I,139.931716000,1152.1263,8.22947,0.000000,mesuree
53,88,141,I,140.935666000,1156.5182,8.20226,0.000000,mesuree
53,89,142,I,141.941167000,1159.4654,8.16525,0.000000,mesuree
53,90,143,I,142.945480000,1163.5192,8.13650,0.000000,estimee
53,91,144,I,143.951340000,1166.1319,8.09814,0.000000,estimee
54,56,110,Xe,109.944260000,897.5197,8.15927,0.000000,mesuree
54,57,111,Xe,110.941470000,908.1899,8.18189,0.000000,estimee
54,58,112,Xe,111.935559000,921.7673,8.23007,0.000000,mesuree
54,59,113,Xe,112.933222000,932.0155,8.24793,0.000000,mesuree
54,60,114,Xe,113.927980000,944.9697,8.28921,0.000000,mesuree
54,61,115,Xe,114.926294000,954.6116,8.30097,0.000000,mesuree
54,62,116,Xe,115.921581000,967.0730,8.33684,0.000000,mesuree
54,63,117,Xe,116.920359000,976.2826,8.34430,0.000000,mesuree
54,64,118,Xe,117.916179000,988.2476,8.37498,0.000000,mesuree
54,65,119,Xe,118.915411000,997.0343,8.37844,0.000000,mesuree
54,66,120,Xe,119.911784000,1008.4841,8.40403,0.000000,mesuree
54,67,121,Xe,120.911453000,1016.8638,8.40383,0.000000,mesuree
54,68,122,Xe,121.908368000,1027.8087,8.42466,0.000000,mesuree
54,69,123,Xe,122.908482000,1035.7739,8.42093,0.000000,mesuree
54,70,124,Xe,123.905885200,1046.2641,8.43761,0.095000,mesuree
54,71,125,Xe,124.906387600,1053.8674,8.43094,0.000000,mesuree
54,72,126,Xe,125.904297422,1063.8857,8.44354,0.089000,mesuree
54,73,127,Xe,126.905184000,1071.1312,8.43410,0.000000,mesuree
54,74,128,Xe,127.903530753,1080.7425,8.44330,1.910000,mesuree
54,75,129,Xe,128.904780857,1087.6494,8.43139,26.401000,mesuree
54,76,130,Xe,129.903509347,1096.9051,8.43773,4.071000,mesuree
54,77,131,Xe,130.905084128,1103.5095,8.42374,21.232000,mesuree
54,78,132,Xe,131.904155083,1112.4462,8.42762,26.909000,mesuree
54,79,133,Xe,132.905910700,1118.8822,8.41265,0.000000,mesuree
54,80,134,Xe,133.905393030,1127.4357,8.41370,10.436000,mesuree
54,81,135,Xe,134.907231000,1133.7950,8.39848,0.000000,mesuree
54,82,136,Xe,135.907214474,1141.8817,8.39619,8.857000,mesuree
54,83,137,Xe,136.911557770,1145.9073,8.36429,0.000000,mesuree
54,84,138,Xe,137.914146000,1151.5677,8.34469,0.000000,mesuree
54,85,139,Xe,138.918792200,1155.3111,8.31159,0.000000,mesuree
54,86,140,Xe,139.921645800,1160.7243,8.29089,0.000000,mesuree
54,87,141,Xe,140.926787000,1164.0066,8.25537,0.000000,mesuree
54,88,142,Xe,141.929973100,1169.1101,8.23317,0.000000,mesuree
54,89,143,Xe,142.935370000,1172.1542,8.19688,0.000000,mesuree
54,90,144,Xe,143.938945000,1176.8954,8.17289,0.000000,mesuree
54,91,145,Xe,144.944720000,1179.5874,8.13509,0.000000,mesuree
54,92,146,Xe,145.948518000,1184.1209,8.11042,0.000000,mesuree
54,93,147,Xe,146.954480000,1186.6386,8.07237,0.000000,estimee
55,57,112,Cs,111.950170000,907.3749,8.10156,0.000000,estimee
55,58,113,Cs,112.944428000,920.7949,8.14863,0.000000,mesuree
55,59,114,Cs,113.941290000,931.7892,8.17359,0.000000,mesuree
55,60,115,Cs,114.935910000,944.8720,8.21628,0.000000,estimee
55,61,116,Cs,115.933400000,955.2813,8.23518,0.000000,estimee
55,62,117,Cs,116.928620000,967.8052,8.27184,0.000000,mesuree
55,63,118,Cs,117.926560000,977.7954,8.28640,0.000000,mesuree
55,64,119,Cs,118.922377000,989.7631,8.31734,0.000000,mesuree
55,65,120,Cs,119.920677000,999.4180,8.32848,0.000000,mesuree
55,66,121,Cs,120.917227000,1010.7030,8.35292,0.000000,mesuree
55,67,122,Cs,121.916110000,1019.8148,8.35914,0.000000,mesuree
55,68,123,Cs,122.912996000,1030.7868,8.38038,0.000000,mesuree
55,69,124,Cs,123.912247000,1039.5558,8.38351,0.000000,mesuree
55,70,125,Cs,124.909726000,1049.9754,8.39980,0.000000,mesuree
55,71,126,Cs,125.909446000,1058.3075,8.39927,0.000000,mesuree
55,72,127,Cs,126.907418000,1068.2679,8.41156,0.000000,mesuree
55,73,128,Cs,127.907748000,1076.0318,8.40650,0.000000,mesuree
55,74,129,Cs,128.906066000,1085.6699,8.41605,0.000000,mesuree
55,75,130,Cs,129.906709000,1093.1423,8.40879,0.000000,mesuree
55,76,131,Cs,130.905468460,1102.3692,8.41503,0.000000,mesuree
55,77,132,Cs,131.906437700,1109.5376,8.40559,0.000000,mesuree
55,78,133,Cs,132.905451959,1118.5272,8.40998,100.000000,mesuree
55,79,134,Cs,133.906718502,1125.4187,8.39865,0.000000,mesuree
55,80,135,Cs,134.905976900,1134.1808,8.40134,0.000000,mesuree
55,81,136,Cs,135.907311400,1141.0091,8.38977,0.000000,mesuree
55,82,137,Cs,136.907089300,1149.2873,8.38896,0.000000,mesuree
55,83,138,Cs,137.911017000,1153.7000,8.36014,0.000000,mesuree
55,84,139,Cs,138.913364000,1159.5851,8.34234,0.000000,mesuree
55,85,140,Cs,139.917284000,1164.0049,8.31432,0.000000,mesuree
55,86,141,Cs,140.920045000,1169.5044,8.29436,0.000000,mesuree
55,87,142,Cs,141.924300000,1173.6122,8.26487,0.000000,mesuree
55,88,143,Cs,142.927347000,1178.8453,8.24367,0.000000,mesuree
55,89,144,Cs,143.932075000,1182.5125,8.21189,0.000000,mesuree
55,90,145,Cs,144.935529000,1187.3664,8.18873,0.000000,mesuree
55,91,146,Cs,145.940622000,1190.6936,8.15544,0.000000,mesuree
55,92,147,Cs,146.944262000,1195.3743,8.13180,0.000000,mesuree
55,93,148,Cs,147.949639000,1198.4370,8.09755,0.000000,mesuree
55,94,149,Cs,148.953520000,1202.8932,8.07311,0.000000,estimee
55,95,150,Cs,149.959020000,1205.8413,8.03894,0.000000,estimee
55,96,151,Cs,150.963200000,1210.0189,8.01337,0.000000,estimee
56,58,114,Ba,113.950720000,922.2229,8.08967,0.000000,mesuree
56,59,115,Ba,114.947480000,933.3122,8.11576,0.000000,estimee
56,60,116,Ba,115.941620000,946.8421,8.16243,0.000000,estimee
56,61,117,Ba,116.938320000,957.9873,8.18793,0.000000,mesuree
56,62,118,Ba,117.933230000,970.8000,8.22712,0.000000,estimee
56,63,119,Ba,118.930660000,981.2652,8.24593,0.000000,mesuree
56,64,120,Ba,119.926040000,993.6401,8.28033,0.000000,mesuree
56,65,121,Ba,120.924050000,1003.5650,8.29393,0.000000,mesuree
56,66,122,Ba,121.919900000,1015.5021,8.32379,0.000000,mesuree
56,67,123,Ba,122.918781000,1024.6157,8.33021,0.000000,mesuree
56,68,124,Ba,123.915094000,1036.1215,8.35582,0.000000,mesuree
56,69,125,Ba,124.914472000,1044.7722,8.35818,0.000000,mesuree
56,70,126,Ba,125.911250000,1055.8448,8.37972,0.000000,mesuree
56,71,127,Ba,126.911091000,1064.0642,8.37846,0.000000,mesuree
56,72,128,Ba,127.908352400,1074.6865,8.39599,0.000000,mesuree
56,73,129,Ba,128.908683000,1082.4499,8.39108,0.000000,mesuree
56,74,130,Ba,129.906326000,1092.7167,8.40551,0.110000,mesuree
56,75,131,Ba,130.906946300,1100.2102,8.39855,0.000000,mesuree
56,76,132,Ba,131.905061200,1110.0375,8.40937,0.100000,mesuree
56,77,133,Ba,132.906007400,1117.2274,8.40021,0.000000,mesuree
56,78,134,Ba,133.904508250,1126.6952,8.40817,2.420000,mesuree
56,79,135,Ba,134.905688450,1133.6672,8.39753,6.590000,mesuree
56,80,136,Ba,135.904575800,1142.7749,8.40276,7.850000,mesuree
56,81,137,Ba,136.905827210,1149.6806,8.39183,11.230000,mesuree
56,82,138,Ba,137.905247060,1158.2923,8.39342,71.700000,mesuree
56,83,139,Ba,138.908841160,1163.0157,8.36702,0.000000,mesuree
56,84,140,Ba,139.910608000,1169.4412,8.35315,0.000000,mesuree
56,85,141,Ba,140.914404000,1173.9766,8.32608,0.000000,mesuree
56,86,142,Ba,141.916433000,1180.1579,8.31097,0.000000,mesuree
56,87,143,Ba,142.920625000,1184.3244,8.28199,0.000000,mesuree
56,88,144,Ba,143.922955000,1190.2253,8.26545,0.000000,mesuree
56,89,145,Ba,144.927518000,1194.0463,8.23480,0.000000,mesuree
56,90,146,Ba,145.930363200,1199.4673,8.21553,0.000000,mesuree
56,91,147,Ba,146.935304000,1202.9363,8.18324,0.000000,mesuree
56,92,148,Ba,147.938223000,1208.2886,8.16411,0.000000,mesuree
56,93,149,Ba,148.943284000,1211.6456,8.13185,0.000000,mesuree
56,94,150,Ba,149.946441000,1216.7762,8.11184,0.000000,mesuree
56,95,151,Ba,150.951760000,1219.8929,8.07876,0.000000,estimee
56,96,152,Ba,151.955330000,1224.6388,8.05683,0.000000,estimee
56,97,153,Ba,152.960850000,1227.5682,8.02332,0.000000,estimee
57,60,117,La,116.950330000,946.0178,8.08562,0.000000,estimee
57,61,118,La,117.946730000,957.4425,8.11392,0.000000,estimee
57,62,119,La,118.940930000,970.9164,8.15896,0.000000,estimee
57,63,120,La,119.938200000,981.5307,8.17942,0.000000,estimee
57,64,121,La,120.933240000,994.2223,8.21671,0.000000,estimee
57,65,122,La,121.930710000,1004.6503,8.23484,0.000000,estimee
57,66,123,La,122.926300000,1016.8295,8.26691,0.000000,estimee
57,67,124,La,123.924570000,1026.5123,8.27832,0.000000,mesuree
57,68,125,La,124.920816000,1038.0804,8.30464,0.000000,mesuree
57,69,126,La,125.919510000,1047.3683,8.31245,0.000000,mesuree
57,70,127,La,126.916375000,1058.3598,8.33354,0.000000,mesuree
57,71,128,La,127.915590000,1067.1624,8.33721,0.000000,mesuree
57,72,129,La,128.912696000,1077.9294,8.35604,0.000000,mesuree
57,73,130,La,129.912369000,1086.3053,8.35619,0.000000,mesuree
57,74,131,La,130.910070000,1096.5182,8.37037,0.000000,mesuree
57,75,132,La,131.910120000,1104.5429,8.36775,0.000000,mesuree
57,76,133,La,132.908220000,1114.3841,8.37883,0.000000,mesuree
57,77,134,La,133.908514000,1122.1815,8.37449,0.000000,mesuree
57,78,135,La,134.906984000,1131.6780,8.38280,0.000000,mesuree
57,79,136,La,135.907630000,1139.1476,8.37609,0.000000,mesuree
57,80,137,La,136.906450400,1148.3177,8.38188,0.000000,mesuree
57,81,138,La,137.907124000,1155.7616,8.37508,0.088810,mesuree
57,82,139,La,138.906362900,1164.5419,8.37800,99.911190,mesuree
57,83,140,La,139.909487300,1169.7028,8.35502,0.000000,mesuree
57,84,141,La,140.910971000,1176.3921,8.34321,0.000000,mesuree
57,85,142,La,141.914091000,1181.5571,8.32082,0.000000,mesuree
57,86,143,La,142.916079000,1187.7766,8.30613,0.000000,mesuree
57,87,144,La,143.919646000,1192.5253,8.28143,0.000000,mesuree
57,88,145,La,144.921808000,1198.5827,8.26609,0.000000,mesuree
57,89,146,La,145.925688000,1203.0399,8.24000,0.000000,mesuree
57,90,147,La,146.928418000,1208.5682,8.22155,0.000000,mesuree
57,91,148,La,147.932679000,1212.6704,8.19372,0.000000,mesuree
57,92,149,La,148.935350000,1218.2537,8.17620,0.000000,mesuree
57,93,150,La,149.939547500,1222.4151,8.14943,0.000000,mesuree
57,94,151,La,150.942770000,1227.4847,8.12904,0.000000,mesuree
57,95,152,La,151.947090000,1231.5319,8.10218,0.000000,estimee
57,96,153,La,152.950550000,1236.3803,8.08092,0.000000,estimee
57,97,154,La,153.955420000,1239.9152,8.05140,0.000000,estimee
57,98,155,La,154.959280000,1244.3910,8.02833,0.000000,estimee
58,61,119,Ce,118.952960000,958.9282,8.05822,0.000000,estimee
58,62,120,Ce,119.946610000,972.9145,8.10762,0.000000,estimee
58,63,121,Ce,120.943440000,983.9387,8.13172,0.000000,estimee
58,64,122,Ce,121.937870000,997.1984,8.17376,0.000000,estimee
58,65,123,Ce,122.935280000,1007.6823,8.19254,0.000000,estimee
58,66,124,Ce,123.930310000,1020.3831,8.22890,0.000000,estimee
58,67,125,Ce,124.928440000,1030.1964,8.24157,0.000000,estimee
58,68,126,Ce,125.923970000,1042.4315,8.27327,0.000000,mesuree
58,69,127,Ce,126.922730000,1051.6578,8.28077,0.000000,mesuree
58,70,128,Ce,127.918910000,1063.2875,8.30693,0.000000,mesuree
58,71,129,Ce,128.918100000,1072.1133,8.31096,0.000000,mesuree
58,72,130,Ce,129.914740000,1083.3144,8.33319,0.000000,mesuree
58,73,131,Ce,130.914430000,1091.6745,8.33339,0.000000,mesuree
58,74,132,Ce,131.911466000,1102.5068,8.35232,0.000000,mesuree
58,75,133,Ce,132.911520000,1110.5278,8.34983,0.000000,mesuree
58,76,134,Ce,133.908928000,1121.0135,8.36577,0.000000,mesuree
58,77,135,Ce,134.909161000,1128.8678,8.36198,0.000000,mesuree
58,78,136,Ce,135.907129300,1138.8317,8.37376,0.185000,mesuree
58,79,137,Ce,136.907762400,1146.3132,8.36725,0.000000,mesuree
58,80,138,Ce,137.905994200,1156.0316,8.37704,0.251000,mesuree
58,81,139,Ce,138.906647000,1163.4949,8.37047,0.000000,mesuree
58,82,140,Ce,139.905448400,1172.6827,8.37630,88.450000,mesuree
58,83,141,Ce,140.908286000,1178.1108,8.35540,0.000000,mesuree
58,84,142,Ce,141.909250200,1185.2840,8.34707,11.114000,mesuree
58,85,143,Ce,142.912392000,1190.4287,8.32468,0.000000,mesuree
58,86,144,Ce,143.913653000,1197.3254,8.31476,0.000000,mesuree
58,87,145,Ce,144.917270000,1202.0275,8.28984,0.000000,mesuree
58,88,146,Ce,145.918812000,1208.6625,8.27851,0.000000,mesuree
58,89,147,Ce,146.922690000,1213.1215,8.25253,0.000000,mesuree
58,90,148,Ce,147.924424000,1219.5776,8.24039,0.000000,mesuree
58,91,149,Ce,148.928427000,1223.9201,8.21423,0.000000,mesuree
58,92,150,Ce,149.930384000,1230.1685,8.20112,0.000000,mesuree
58,93,151,Ce,150.934272000,1234.6182,8.17628,0.000000,mesuree
58,94,152,Ce,151.936680000,1240.4464,8.16083,0.000000,estimee
58,95,153,Ce,152.941050000,1244.4471,8.13364,0.000000,estimee
58,96,154,Ce,153.943940000,1249.8264,8.11576,0.000000,estimee
58,97,155,Ce,154.948710000,1253.4545,8.08680,0.000000,estimee
58,98,156,Ce,155.951880000,1258.5730,8.06778,0.000000,estimee
58,99,157,Ce,156.957130000,1261.7540,8.03665,0.000000,estimee
59,62,121,Pr,120.955390000,972.0250,8.03326,0.000000,estimee
59,63,122,Pr,121.951930000,983.3193,8.05999,0.000000,estimee
59,64,123,Pr,122.946080000,996.8398,8.10439,0.000000,estimee
59,65,124,Pr,123.942940000,1007.8360,8.12771,0.000000,estimee
59,66,125,Pr,124.937660000,1020.8256,8.16661,0.000000,estimee
59,67,126,Pr,125.935240000,1031.1512,8.18374,0.000000,estimee
59,68,127,Pr,126.930710000,1043.4422,8.21608,0.000000,estimee
59,69,128,Pr,127.928790000,1053.3019,8.22892,0.000000,mesuree
59,70,129,Pr,128.925100000,1064.8105,8.25434,0.000000,mesuree
59,71,130,Pr,129.923590000,1074.2884,8.26376,0.000000,mesuree
59,72,131,Pr,130.920230000,1085.4895,8.28618,0.000000,mesuree
59,73,132,Pr,131.919240000,1094.4830,8.29154,0.000000,mesuree
59,74,133,Pr,132.916331000,1105.2640,8.31026,0.000000,mesuree
59,75,134,Pr,133.915697000,1113.9259,8.31288,0.000000,mesuree
59,76,135,Pr,134.913112000,1124.4051,8.32893,0.000000,mesuree
59,77,136,Pr,135.912677000,1132.8817,8.33001,0.000000,mesuree
59,78,137,Pr,136.910679000,1142.8141,8.34171,0.000000,mesuree
59,79,138,Pr,137.910757000,1150.8128,8.33922,0.000000,mesuree
59,80,139,Pr,138.908933000,1160.5831,8.34952,0.000000,mesuree
59,81,140,Pr,139.909086000,1168.5119,8.34651,0.000000,mesuree
59,82,141,Pr,140.907659600,1177.9119,8.35399,100.000000,mesuree
59,83,142,Pr,141.910051600,1183.7551,8.33630,0.000000,mesuree
59,84,143,Pr,142.910822600,1191.1082,8.32943,0.000000,mesuree
59,85,144,Pr,143.913310700,1196.8619,8.31154,0.000000,mesuree
59,86,145,Pr,144.914518000,1203.8086,8.30213,0.000000,mesuree
59,87,146,Pr,145.917690000,1208.9253,8.28031,0.000000,mesuree
59,88,147,Pr,146.919007000,1215.7698,8.27054,0.000000,mesuree
59,89,148,Pr,147.922130000,1220.9321,8.24954,0.000000,mesuree
59,90,149,Pr,148.923736000,1227.5074,8.23830,0.000000,mesuree
59,91,150,Pr,149.926676000,1232.8401,8.21893,0.000000,mesuree
59,92,151,Pr,150.928309000,1239.3903,8.20788,0.000000,mesuree
59,93,152,Pr,151.931553000,1244.4399,8.18710,0.000000,mesuree
59,94,153,Pr,152.933904000,1250.3212,8.17203,0.000000,mesuree
59,95,154,Pr,153.937890000,1254.6796,8.14727,0.000000,mesuree
59,96,155,Pr,154.940509000,1260.3114,8.13104,0.000000,mesuree
59,97,156,Pr,155.944766900,1264.4165,8.10523,0.000000,mesuree
59,98,157,Pr,156.948003000,1269.4734,8.08582,0.000000,mesuree
59,99,158,Pr,157.952600000,1273.2626,8.05862,0.000000,estimee
59,100,159,Pr,158.956230000,1277.9526,8.03744,0.000000,estimee
60,66,126,Nd,125.942690000,1023.4292,8.12245,0.000000,estimee
60,67,127,Nd,126.939980000,1034.0249,8.14193,0.000000,estimee
60,68,128,Nd,127.935020000,1046.7164,8.17747,0.000000,estimee
60,69,129,Nd,128.933040000,1056.6321,8.19095,0.000000,estimee
60,70,130,Nd,129.928510000,1068.9231,8.22249,0.000000,mesuree
60,71,131,Nd,130.927248000,1078.1699,8.23030,0.000000,mesuree
60,72,132,Nd,131.923321000,1089.8992,8.25681,0.000000,mesuree
60,73,133,Nd,132.922350000,1098.8750,8.26222,0.000000,mesuree
60,74,134,Nd,133.918790000,1110.2624,8.28554,0.000000,mesuree
60,75,135,Nd,134.918181000,1118.9010,8.28816,0.000000,mesuree
60,76,136,Nd,135.914976000,1129.9578,8.30851,0.000000,mesuree
60,77,137,Nd,136.914563000,1138.4138,8.30959,0.000000,mesuree
60,78,138,Nd,137.911951000,1148.9182,8.32549,0.000000,mesuree
60,79,139,Nd,138.911951000,1156.9895,8.32367,0.000000,mesuree
60,80,140,Nd,139.909546000,1167.3011,8.33786,0.000000,mesuree
60,81,141,Nd,140.909617000,1175.3063,8.33551,0.000000,mesuree
60,82,142,Nd,141.907728800,1185.1364,8.34603,27.152000,mesuree
60,83,143,Nd,142.909819800,1191.2600,8.33049,12.174000,mesuree
60,84,144,Nd,143.910092800,1199.0770,8.32692,23.798000,mesuree
60,85,145,Nd,144.912579200,1204.8323,8.30919,8.293000,mesuree
60,86,146,Nd,145.913122500,1212.3975,8.30409,17.189000,mesuree
60,87,147,Nd,146.916106000,1217.6897,8.28360,0.000000,mesuree
60,88,148,Nd,147.916899000,1225.0224,8.27718,5.756000,mesuree
60,89,149,Nd,148.920154600,1230.0611,8.25544,0.000000,mesuree
60,90,150,Nd,149.920901300,1237.4369,8.24958,5.638000,mesuree
60,91,151,Nd,150.923839400,1242.7714,8.23027,0.000000,mesuree
60,92,152,Nd,151.924691000,1250.0494,8.22401,0.000000,mesuree
60,93,153,Nd,152.927717900,1255.3012,8.20458,0.000000,mesuree
60,94,154,Nd,153.929597400,1261.6218,8.19235,0.000000,mesuree
60,95,155,Nd,154.933136000,1266.3969,8.17030,0.000000,mesuree
60,96,156,Nd,155.935370400,1272.3869,8.15633,0.000000,mesuree
60,97,157,Nd,156.939351100,1276.7502,8.13217,0.000000,mesuree
60,98,158,Nd,157.942205600,1282.1626,8.11495,0.000000,mesuree
60,99,159,Nd,158.946620000,1286.1219,8.08882,0.000000,mesuree
60,100,160,Nd,159.949840000,1291.1938,8.06996,0.000000,mesuree
60,101,161,Nd,160.954660000,1294.7753,8.04208,0.000000,estimee
61,67,128,Pm,127.948230000,1033.6290,8.07523,0.000000,estimee
61,68,129,Pm,128.942910000,1046.6559,8.11361,0.000000,estimee
61,69,130,Pm,129.940450000,1057.0187,8.13091,0.000000,estimee
61,70,131,Pm,130.935830000,1069.3935,8.16331,0.000000,estimee
61,71,132,Pm,131.933840000,1079.3185,8.17666,0.000000,estimee
61,72,133,Pm,132.929780000,1091.1717,8.20430,0.000000,mesuree
61,73,134,Pm,133.928330000,1100.5936,8.21339,0.000000,mesuree
61,74,135,Pm,134.924790000,1111.9625,8.23676,0.000000,mesuree
61,75,136,Pm,135.923600000,1121.1423,8.24369,0.000000,mesuree
61,76,137,Pm,136.920480000,1132.1198,8.26365,0.000000,mesuree
61,77,138,Pm,137.919576000,1141.0332,8.26836,0.000000,mesuree
61,78,139,Pm,138.916799000,1151.6913,8.28555,0.000000,mesuree
61,79,140,Pm,139.916036000,1160.4733,8.28910,0.000000,mesuree
61,80,141,Pm,140.913555000,1170.8557,8.30394,0.000000,mesuree
61,81,142,Pm,141.912891000,1179.5455,8.30666,0.000000,mesuree
61,82,143,Pm,142.910938000,1189.4361,8.31773,0.000000,mesuree
61,83,144,Pm,143.912596000,1195.9630,8.30530,0.000000,mesuree
61,84,145,Pm,144.912756000,1203.8852,8.30266,0.000000,mesuree
61,85,146,Pm,145.914702000,1210.1439,8.28866,0.000000,mesuree
61,86,147,Pm,146.915144900,1217.8026,8.28437,0.000000,mesuree
61,87,148,Pm,147.917481000,1223.6979,8.26823,0.000000,mesuree
61,88,149,Pm,148.918341500,1230.9676,8.26153,0.000000,mesuree
61,89,150,Pm,149.920990000,1236.5719,8.24381,0.000000,mesuree
61,90,151,Pm,150.921217000,1244.4318,8.24127,0.000000,mesuree
61,91,152,Pm,151.923505000,1250.3718,8.22613,0.000000,mesuree
61,92,153,Pm,152.924156000,1257.8367,8.22116,0.000000,mesuree
61,93,154,Pm,153.926713000,1263.5262,8.20472,0.000000,mesuree
61,94,155,Pm,154.928137000,1270.2711,8.19530,0.000000,mesuree
61,95,156,Pm,155.931114100,1275.5693,8.17673,0.000000,mesuree
61,96,157,Pm,156.933121000,1281.7712,8.16415,0.000000,mesuree
61,97,158,Pm,157.936546900,1286.6513,8.14336,0.000000,mesuree
61,98,159,Pm,158.939286000,1292.1712,8.12686,0.000000,mesuree
61,99,160,Pm,159.943215300,1296.5824,8.10364,0.000000,mesuree
61,100,161,Pm,160.946230000,1301.8455,8.08600,0.000000,mesuree
61,101,162,Pm,161.950570000,1305.8741,8.06095,0.000000,estimee
61,102,163,Pm,162.953880000,1310.8622,8.04210,0.000000,estimee
62,68,130,Sm,129.948790000,1048.4677,8.06514,0.000000,estimee
62,69,131,Sm,130.946020000,1059.1192,8.08488,0.000000,estimee
62,70,132,Sm,131.940810000,1072.0436,8.12154,0.000000,estimee
62,71,133,Sm,132.938560000,1082.2108,8.13692,0.000000,estimee
62,72,134,Sm,133.934110000,1094.4273,8.16737,0.000000,estimee
62,73,135,Sm,134.932520000,1103.9797,8.17763,0.000000,mesuree
62,74,136,Sm,135.928276000,1116.0042,8.20591,0.000000,mesuree
62,75,137,Sm,136.927010000,1125.2548,8.21354,0.000000,mesuree
62,76,138,Sm,137.923244000,1136.8342,8.23793,0.000000,mesuree
62,77,139,Sm,138.922297000,1145.7876,8.24308,0.000000,mesuree
62,78,140,Sm,139.918995000,1156.9347,8.26382,0.000000,mesuree
62,79,141,Sm,140.918482000,1165.4839,8.26584,0.000000,mesuree
62,80,142,Sm,141.915209400,1176.6036,8.28594,0.000000,mesuree
62,81,143,Sm,142.914634800,1185.2102,8.28818,0.000000,mesuree
62,82,144,Sm,143.912006300,1195.7299,8.30368,3.080000,mesuree
62,83,145,Sm,144.913417200,1202.4870,8.29301,0.000000,mesuree
62,84,146,Sm,145.913047000,1210.9031,8.29386,0.000000,mesuree
62,85,147,Sm,146.914904400,1217.2443,8.28057,15.000000,mesuree
62,86,148,Sm,147.914829200,1225.3857,8.27963,11.250000,mesuree
62,87,149,Sm,148.917191200,1231.2568,8.26347,13.820000,mesuree
62,88,150,Sm,149.917282000,1239.2435,8.26162,7.370000,mesuree
62,89,151,Sm,150.919938900,1244.8400,8.24397,0.000000,mesuree
62,90,152,Sm,151.919738600,1253.0979,8.24406,26.740000,mesuree
62,91,153,Sm,152.922103600,1258.9662,8.22854,0.000000,mesuree
62,92,154,Sm,153.922215800,1266.9330,8.22684,22.740000,mesuree
62,93,155,Sm,154.924646600,1272.7400,8.21123,0.000000,mesuree
62,94,156,Sm,155.925538000,1279.9810,8.20501,0.000000,mesuree
62,95,157,Sm,156.928419000,1285.3687,8.18706,0.000000,mesuree
62,96,158,Sm,157.929949000,1292.0148,8.17731,0.000000,mesuree
62,97,159,Sm,158.933217000,1297.0420,8.15750,0.000000,mesuree
62,98,160,Sm,159.935337000,1303.1386,8.14462,0.000000,mesuree
62,99,161,Sm,160.939160000,1307.6488,8.12204,0.000000,mesuree
62,100,162,Sm,161.941622000,1313.4268,8.10757,0.000000,mesuree
62,101,163,Sm,162.945679000,1317.7190,8.08417,0.000000,mesuree
62,102,164,Sm,163.948550000,1323.1160,8.06778,0.000000,mesuree
62,103,165,Sm,164.953290000,1326.7721,8.04104,0.000000,estimee
63,69,132,Eu,131.954700000,1058.3228,8.01760,0.000000,estimee
63,70,133,Eu,132.949290000,1071.4335,8.05589,0.000000,estimee
63,71,134,Eu,133.946540000,1082.0664,8.07512,0.000000,estimee
63,72,135,Eu,134.941870000,1094.4878,8.10732,0.000000,estimee
63,73,136,Eu,135.939620000,1104.6550,8.12246,0.000000,estimee
63,74,137,Eu,136.935431000,1116.6284,8.15057,0.000000,mesuree
63,75,138,Eu,137.933710000,1126.3028,8.16161,0.000000,mesuree
63,76,139,Eu,138.929792000,1138.0237,8.18722,0.000000,mesuree
63,77,140,Eu,139.928090000,1147.6804,8.19772,0.000000,mesuree
63,78,141,Eu,140.924932000,1158.6934,8.21768,0.000000,mesuree
63,79,142,Eu,141.923450000,1168.1452,8.22637,0.000000,mesuree
63,80,143,Eu,142.920299000,1179.1516,8.24582,0.000000,mesuree
63,81,144,Eu,143.918819000,1188.6016,8.25418,0.000000,mesuree
63,82,145,Eu,144.916273000,1199.0445,8.26927,0.000000,mesuree
63,83,146,Eu,145.917211000,1206.2421,8.26193,0.000000,mesuree
63,84,147,Eu,146.916752400,1214.7406,8.26354,0.000000,mesuree
63,85,148,Eu,147.918091000,1221.5650,8.25382,0.000000,mesuree
63,86,149,Eu,148.917937000,1229.7797,8.25356,0.000000,mesuree
63,87,150,Eu,149.919707000,1236.2023,8.24135,0.000000,mesuree
63,88,151,Eu,150.919856600,1244.1343,8.23930,47.810000,mesuree
63,89,152,Eu,151.921751000,1250.4410,8.22659,0.000000,mesuree
63,90,153,Eu,152.921236800,1258.9913,8.22870,52.190000,mesuree
63,91,154,Eu,153.922985700,1265.4335,8.21710,0.000000,mesuree
63,92,155,Eu,154.922899800,1273.5848,8.21668,0.000000,mesuree
63,93,156,Eu,155.924763000,1279.9206,8.20462,0.000000,mesuree
63,94,157,Eu,156.925433000,1287.3678,8.19979,0.000000,mesuree
63,95,158,Eu,157.927782200,1293.2509,8.18513,0.000000,mesuree
63,96,159,Eu,158.929100000,1300.0947,8.17670,0.000000,mesuree
63,97,160,Eu,159.931837000,1305.6165,8.16010,0.000000,mesuree
63,98,161,Eu,160.933664000,1311.9860,8.14898,0.000000,mesuree
63,99,162,Eu,161.936958300,1316.9887,8.12956,0.000000,mesuree
63,100,163,Eu,162.939265500,1322.9108,8.11602,0.000000,mesuree
63,101,164,Eu,163.942852900,1327.6405,8.09537,0.000000,mesuree
63,102,165,Eu,164.945540000,1333.2088,8.08005,0.000000,mesuree
63,103,166,Eu,165.949810000,1337.3026,8.05604,0.000000,estimee
63,104,167,Eu,166.953010000,1342.3932,8.03828,0.000000,estimee
64,72,136,Gd,135.947300000,1096.7188,8.06411,0.000000,estimee
64,73,137,Gd,136.945020000,1106.9139,8.07966,0.000000,estimee
64,74,138,Gd,137.940250000,1119.4285,8.11180,0.000000,estimee
64,75,139,Gd,138.938130000,1129.4746,8.12572,0.000000,estimee
64,76,140,Gd,139.933670000,1141.7003,8.15500,0.000000,mesuree
64,77,141,Gd,140.932126000,1151.2099,8.16461,0.000000,mesuree
64,78,142,Gd,141.928120000,1163.0128,8.19023,0.000000,mesuree
64,79,143,Gd,142.926750000,1172.3602,8.19832,0.000000,mesuree
64,80,144,Gd,143.922960000,1183.9619,8.22196,0.000000,mesuree
64,81,145,Gd,144.921710000,1193.1976,8.22895,0.000000,mesuree
64,82,146,Gd,145.918319000,1204.4276,8.24950,0.000000,mesuree
64,83,147,Gd,146.919101000,1211.7705,8.24334,0.000000,mesuree
64,84,148,Gd,147.918121400,1220.7543,8.24834,0.000000,mesuree
64,85,149,Gd,148.919348000,1227.6831,8.23948,0.000000,mesuree
64,86,150,Gd,149.918664000,1236.3915,8.24261,0.000000,mesuree
64,87,151,Gd,150.920355000,1242.8877,8.23104,0.000000,mesuree
64,88,152,Gd,151.919798400,1251.4775,8.23340,0.200000,mesuree
64,89,153,Gd,152.921756900,1257.7245,8.22042,0.000000,mesuree
64,90,154,Gd,153.920873000,1266.6191,8.22480,2.180000,mesuree
64,91,155,Gd,154.922629400,1273.0544,8.21325,14.800000,mesuree
64,92,156,Gd,155.922130100,1281.5908,8.21533,20.470000,mesuree
64,93,157,Gd,156.923967400,1287.9507,8.20351,15.650000,mesuree
64,94,158,Gd,157.924111200,1295.8880,8.20182,24.840000,mesuree
64,95,159,Gd,158.926395800,1301.8313,8.18762,0.000000,mesuree
64,96,160,Gd,159.927061200,1309.2828,8.18302,21.860000,mesuree
64,97,161,Gd,160.929676300,1314.9181,8.16719,0.000000,mesuree
64,98,162,Gd,161.930992000,1321.7639,8.15904,0.000000,mesuree
64,99,163,Gd,162.934096600,1326.9433,8.14076,0.000000,mesuree
64,100,164,Gd,163.935916200,1333.3197,8.13000,0.000000,mesuree
64,101,165,Gd,164.939317100,1338.2231,8.11044,0.000000,mesuree
64,102,166,Gd,165.941630400,1344.1395,8.09723,0.000000,mesuree
64,103,167,Gd,166.945490000,1348.6157,8.07554,0.000000,mesuree
64,104,168,Gd,167.948310000,1354.0602,8.05988,0.000000,estimee
64,105,169,Gd,168.952880000,1357.8746,8.03476,0.000000,estimee
65,73,138,Tb,137.953190000,1106.5926,8.01879,0.000000,estimee
65,74,139,Tb,138.948330000,1119.1910,8.05173,0.000000,estimee
65,75,140,Tb,139.945810000,1129.6097,8.06864,0.000000,mesuree
65,76,141,Tb,140.941450000,1141.7423,8.09746,0.000000,mesuree
65,77,142,Tb,141.939280000,1151.8349,8.11151,0.000000,mesuree
65,78,143,Tb,142.935140000,1163.7626,8.13820,0.000000,mesuree
65,79,144,Tb,143.933050000,1173.7808,8.15126,0.000000,mesuree
65,80,145,Tb,144.928720000,1185.8855,8.17852,0.000000,mesuree
65,81,146,Tb,145.927250000,1195.3261,8.18717,0.000000,mesuree
65,82,147,Tb,146.924055000,1206.3735,8.20662,0.000000,mesuree
65,83,148,Tb,147.924275000,1214.2399,8.20432,0.000000,mesuree
65,84,149,Tb,148.923254000,1223.2623,8.20981,0.000000,mesuree
65,85,150,Tb,149.923665000,1230.9508,8.20634,0.000000,mesuree
65,86,151,Tb,150.923109000,1239.5400,8.20887,0.000000,mesuree
65,87,152,Tb,151.924080000,1246.7068,8.20202,0.000000,mesuree
65,88,153,Tb,152.923442000,1255.3724,8.20505,0.000000,mesuree
65,89,154,Tb,153.924680000,1262.2906,8.19669,0.000000,mesuree
65,90,155,Tb,154.923510000,1271.4517,8.20291,0.000000,mesuree
65,91,156,Tb,155.924754000,1278.3643,8.19464,0.000000,mesuree
65,92,157,Tb,156.924031900,1287.1082,8.19814,0.000000,mesuree
65,93,158,Tb,157.925419900,1293.8866,8.18916,0.000000,mesuree
65,94,159,Tb,158.925353700,1302.0196,8.18880,100.000000,mesuree
65,95,160,Tb,159.927174600,1308.3948,8.17747,0.000000,mesuree
65,96,161,Tb,160.927576800,1316.0915,8.17448,0.000000,mesuree
65,97,162,Tb,161.929275400,1322.5805,8.16408,0.000000,mesuree
65,98,163,Tb,162.930654000,1329.3677,8.15563,0.000000,mesuree
65,99,164,Tb,163.933327600,1334.9486,8.13993,0.000000,mesuree
65,100,165,Tb,164.934955200,1341.5038,8.13033,0.000000,mesuree
65,101,166,Tb,165.937939700,1346.7951,8.11322,0.000000,mesuree
65,102,167,Tb,166.940007000,1352.9407,8.10144,0.000000,mesuree
65,103,168,Tb,167.943337000,1357.9101,8.08280,0.000000,mesuree
65,104,169,Tb,168.945810000,1363.6779,8.06910,0.000000,estimee
65,105,170,Tb,169.949860000,1367.9766,8.04692,0.000000,estimee
65,106,171,Tb,170.953010000,1373.1138,8.02991,0.000000,estimee
66,74,140,Dy,139.954020000,1121.1797,8.00843,0.000000,estimee
66,75,141,Dy,140.951280000,1131.8034,8.02697,0.000000,estimee
66,76,142,Dy,141.946190000,1144.6160,8.06068,0.000000,estimee
66,77,143,Dy,142.943994000,1154.7329,8.07505,0.000000,mesuree
66,78,144,Dy,143.939270000,1167.2045,8.10559,0.000000,mesuree
66,79,145,Dy,144.937474000,1176.9488,8.11689,0.000000,mesuree
66,80,146,Dy,145.932845000,1189.3320,8.14611,0.000000,mesuree
66,81,147,Dy,146.931083000,1199.0446,8.15677,0.000000,mesuree
66,82,148,Dy,147.927150000,1210.7795,8.18094,0.000000,mesuree
66,83,149,Dy,148.927328000,1218.6850,8.17909,0.000000,mesuree
66,84,150,Dy,149.925593000,1228.3725,8.18915,0.000000,mesuree
66,85,151,Dy,150.926191000,1235.8868,8.18468,0.000000,mesuree
66,86,152,Dy,151.924725000,1245.3237,8.19292,0.000000,mesuree
66,87,153,Dy,152.925772000,1252.4197,8.18575,0.000000,mesuree
66,88,154,Dy,153.924429000,1261.7420,8.19313,0.000000,mesuree
66,89,155,Dy,154.925758000,1268.5754,8.18436,0.000000,mesuree
66,90,156,Dy,155.924283600,1278.0201,8.19244,0.056000,mesuree
66,91,157,Dy,156.925470000,1284.9863,8.18463,0.000000,mesuree
66,92,158,Dy,157.924414800,1294.0405,8.19013,0.095000,mesuree
66,93,159,Dy,158.925745900,1300.8719,8.18158,0.000000,mesuree
66,94,160,Dy,159.925203600,1309.4484,8.18405,2.329000,mesuree
66,95,161,Dy,160.926939400,1315.9028,8.17331,18.889000,mesuree
66,96,162,Dy,161.926804500,1324.0998,8.17346,25.475000,mesuree
66,97,163,Dy,162.928737200,1330.3708,8.16178,24.896000,mesuree
66,98,164,Dy,163.929180800,1338.0289,8.15871,28.260000,mesuree
66,99,165,Dy,164.931709400,1343.7449,8.14391,0.000000,mesuree
66,100,166,Dy,165.932812800,1350.7884,8.13728,0.000000,mesuree
66,101,167,Dy,166.935682000,1356.1871,8.12088,0.000000,mesuree
66,102,168,Dy,167.937130000,1362.9096,8.11256,0.000000,mesuree
66,103,169,Dy,168.940320000,1368.0094,8.09473,0.000000,mesuree
66,104,170,Dy,169.942340000,1374.1991,8.08352,0.000000,estimee
66,105,171,Dy,170.946310000,1378.5724,8.06183,0.000000,estimee
66,106,172,Dy,171.948730000,1384.3895,8.04878,0.000000,estimee
66,107,173,Dy,172.953040000,1388.4461,8.02570,0.000000,estimee
67,75,142,Ho,141.960010000,1130.9604,7.96451,0.000000,estimee
67,76,143,Ho,142.954860000,1143.8289,7.99880,0.000000,estimee
67,77,144,Ho,143.952110000,1154.4618,8.01710,0.000000,mesuree
67,78,145,Ho,144.947267000,1167.0444,8.04858,0.000000,mesuree
67,79,146,Ho,145.944994000,1177.2330,8.06324,0.000000,mesuree
67,80,147,Ho,146.940142000,1189.8239,8.09404,0.000000,mesuree
67,81,148,Ho,147.937740000,1200.1327,8.10900,0.000000,mesuree
67,82,149,Ho,148.933820000,1211.8554,8.13326,0.000000,mesuree
67,83,150,Ho,149.933498000,1220.2267,8.13484,0.000000,mesuree
67,84,151,Ho,150.931698000,1229.9747,8.14553,0.000000,mesuree
67,85,152,Ho,151.931718000,1238.0274,8.14492,0.000000,mesuree
67,86,153,Ho,152.930207000,1247.5062,8.15364,0.000000,mesuree
67,87,154,Ho,153.930607000,1255.2049,8.15068,0.000000,mesuree
67,88,155,Ho,154.929103000,1264.6772,8.15921,0.000000,mesuree
67,89,156,Ho,155.929640000,1272.2483,8.15544,0.000000,mesuree
67,90,157,Ho,156.928252000,1281.6125,8.16314,0.000000,mesuree
67,91,158,Ho,157.928945000,1289.0383,8.15847,0.000000,mesuree
67,92,159,Ho,158.927719000,1298.2517,8.16510,0.000000,mesuree
67,93,160,Ho,159.928736000,1305.3757,8.15860,0.000000,mesuree
67,94,161,Ho,160.927861800,1314.2613,8.16311,0.000000,mesuree
67,95,162,Ho,161.929103000,1321.1764,8.15541,0.000000,mesuree
67,96,163,Ho,162.928740300,1329.5856,8.15697,0.000000,mesuree
67,97,164,Ho,163.930240500,1336.2595,8.14792,0.000000,mesuree
67,98,165,Ho,164.930329100,1344.2483,8.14696,100.000000,mesuree
67,99,166,Ho,165.932291200,1350.4919,8.13549,0.000000,mesuree
67,100,167,Ho,166.933140000,1357.7726,8.13037,0.000000,mesuree
67,101,168,Ho,167.935520000,1363.6269,8.11683,0.000000,mesuree
67,102,169,Ho,168.936880000,1370.4314,8.10906,0.000000,mesuree
67,103,170,Ho,169.939630000,1375.9411,8.09377,0.000000,mesuree
67,104,171,Ho,170.941470000,1382.2985,8.08362,0.000000,mesuree
67,105,172,Ho,171.944730000,1387.3332,8.06589,0.000000,estimee
67,106,173,Ho,172.947020000,1393.2713,8.05359,0.000000,estimee
67,107,174,Ho,173.950760000,1397.8589,8.03367,0.000000,estimee
67,108,175,Ho,174.953520000,1403.3593,8.01920,0.000000,estimee
68,76,144,Er,143.960700000,1145.6779,7.95610,0.000000,estimee
68,77,145,Er,144.957870000,1156.3854,7.97507,0.000000,estimee
68,78,146,Er,145.952418000,1169.5352,8.01052,0.000000,mesuree
68,79,147,Er,146.949960000,1179.8961,8.02650,0.000000,mesuree
68,80,148,Er,147.944735000,1192.8345,8.05969,0.000000,mesuree
68,81,149,Er,148.942310000,1203.1647,8.07493,0.000000,mesuree
68,82,150,Er,149.937916000,1215.3290,8.10219,0.000000,mesuree
68,83,151,Er,150.937449000,1223.8353,8.10487,0.000000,mesuree
68,84,152,Er,151.935050000,1234.1413,8.11935,0.000000,mesuree
68,85,153,Er,152.935086000,1242.1791,8.11882,0.000000,mesuree
68,86,154,Er,153.932791000,1252.3882,8.13239,0.000000,mesuree
68,87,155,Er,154.933216000,1260.0636,8.12944,0.000000,mesuree
68,88,156,Er,155.931066000,1270.1377,8.14191,0.000000,mesuree
68,89,157,Er,156.931923000,1277.4107,8.13637,0.000000,mesuree
68,90,158,Er,157.929893000,1287.3729,8.14793,0.000000,mesuree
68,91,159,Er,158.930691000,1294.7009,8.14277,0.000000,mesuree
68,92,160,Er,159.929077000,1304.2757,8.15172,0.000000,mesuree
68,93,161,Er,160.930004000,1311.4835,8.14586,0.000000,mesuree
68,94,162,Er,161.928787300,1320.6882,8.15240,0.139000,mesuree
68,95,163,Er,162.930040000,1327.5926,8.14474,0.000000,mesuree
68,96,164,Er,163.929207700,1336.4392,8.14902,1.601000,mesuree
68,97,165,Er,164.930733500,1343.0892,8.13993,0.000000,mesuree
68,98,166,Er,165.930301100,1351.5633,8.14195,33.503000,mesuree
68,99,167,Er,166.932056200,1357.9998,8.13174,22.869000,mesuree
68,100,168,Er,167.932378280,1365.7711,8.12959,26.978000,mesuree
68,101,169,Er,168.934598400,1371.7744,8.11701,0.000000,mesuree
68,102,170,Er,169.935471900,1379.0320,8.11195,14.910000,mesuree
68,103,171,Er,170.938037400,1384.7136,8.09774,0.000000,mesuree
68,104,172,Er,171.939363000,1391.5501,8.09041,0.000000,mesuree
68,105,173,Er,172.942400000,1396.7925,8.07395,0.000000,estimee
68,106,174,Er,173.944230000,1403.1592,8.06413,0.000000,estimee
68,107,175,Er,174.947770000,1407.9330,8.04533,0.000000,estimee
68,108,176,Er,175.949940000,1413.9830,8.03399,0.000000,estimee
68,109,177,Er,176.953990000,1418.2818,8.01289,0.000000,estimee
69,77,146,Tm,145.966660000,1155.4865,7.91429,0.000000,estimee
69,78,147,Tm,146.961380000,1168.4761,7.94882,0.000000,mesuree
69,79,148,Tm,147.958384000,1179.3382,7.96850,0.000000,mesuree
69,80,149,Tm,148.952830000,1192.5830,8.00391,0.000000,estimee
69,81,150,Tm,149.950090000,1203.2067,8.02138,0.000000,estimee
69,82,151,Tm,150.945494000,1215.5591,8.05006,0.000000,mesuree
69,83,152,Tm,151.944480000,1224.5750,8.05641,0.000000,mesuree
69,84,153,Tm,152.942058000,1234.9024,8.07126,0.000000,mesuree
69,85,154,Tm,153.941570000,1243.4283,8.07421,0.000000,mesuree
69,86,155,Tm,154.939210000,1253.6979,8.08837,0.000000,mesuree
69,87,156,Tm,155.938986000,1261.9779,8.08960,0.000000,mesuree
69,88,157,Tm,156.936970000,1271.9271,8.10145,0.000000,mesuree
69,89,158,Tm,157.936980000,1279.9891,8.10120,0.000000,mesuree
69,90,159,Tm,158.934980000,1289.9234,8.11273,0.000000,mesuree
69,91,160,Tm,159.935260000,1297.7339,8.11084,0.000000,mesuree
69,92,161,Tm,160.933550000,1307.3981,8.12048,0.000000,mesuree
69,93,162,Tm,161.934001000,1315.0493,8.11759,0.000000,mesuree
69,94,163,Tm,162.932658000,1324.3716,8.12498,0.000000,mesuree
69,95,164,Tm,163.933538000,1331.6232,8.11965,0.000000,mesuree
69,96,165,Tm,164.932441800,1340.7156,8.12555,0.000000,mesuree
69,97,166,Tm,165.933562000,1347.7435,8.11894,0.000000,mesuree
69,98,167,Tm,166.932857200,1356.4713,8.12258,0.000000,mesuree
69,99,168,Tm,167.934178500,1363.3118,8.11495,0.000000,mesuree
69,100,169,Tm,168.934219000,1371.3454,8.11447,100.000000,mesuree
69,101,170,Tm,169.935807100,1377.9375,8.10551,0.000000,mesuree
69,102,171,Tm,170.936435200,1385.4237,8.10189,0.000000,mesuree
69,103,172,Tm,171.938407000,1391.6583,8.09104,0.000000,mesuree
69,104,173,Tm,172.939607000,1398.6118,8.08446,0.000000,mesuree
69,105,174,Tm,173.942170000,1404.2957,8.07067,0.000000,mesuree
69,106,175,Tm,174.943840000,1410.8114,8.06178,0.000000,mesuree
69,107,176,Tm,175.947000000,1415.9392,8.04511,0.000000,mesuree
69,108,177,Tm,176.948930000,1422.2128,8.03510,0.000000,estimee
69,109,178,Tm,177.952510000,1426.9493,8.01657,0.000000,estimee
69,110,179,Tm,178.955020000,1432.6826,8.00381,0.000000,estimee
70,78,148,Yb,147.967550000,1170.0178,7.90553,0.000000,estimee
70,79,149,Yb,148.964220000,1181.1910,7.92746,0.000000,estimee
70,80,150,Yb,149.958310000,1194.7674,7.96512,0.000000,estimee
70,81,151,Yb,150.955400000,1205.5494,7.98377,0.000000,mesuree
70,82,152,Yb,151.950330000,1218.3434,8.01542,0.000000,mesuree
70,83,153,Yb,152.949370000,1227.3089,8.02163,0.000000,estimee
70,84,154,Yb,153.946396000,1238.1505,8.03994,0.000000,mesuree
70,85,155,Yb,154.945783000,1246.7928,8.04382,0.000000,mesuree
70,86,156,Yb,155.942817000,1257.6270,8.06171,0.000000,mesuree
70,87,157,Yb,156.942651000,1265.8529,8.06276,0.000000,mesuree
70,88,158,Yb,157.939871000,1276.5138,8.07920,0.000000,mesuree
70,89,159,Yb,158.940060000,1284.4091,8.07804,0.000000,mesuree
70,90,160,Yb,159.937559000,1294.8100,8.09256,0.000000,mesuree
70,91,161,Yb,160.937912000,1302.5525,8.09039,0.000000,mesuree
70,92,162,Yb,161.935779000,1312.6107,8.10254,0.000000,mesuree
70,93,163,Yb,162.936345000,1320.1548,8.09911,0.000000,mesuree
70,94,164,Yb,163.934501000,1329.9438,8.10941,0.000000,mesuree
70,95,165,Yb,164.935270000,1337.2988,8.10484,0.000000,mesuree
70,96,166,Yb,165.933876000,1346.6686,8.11246,0.000000,mesuree
70,97,167,Yb,166.934954000,1353.7358,8.10620,0.000000,mesuree
70,98,168,Yb,167.933891300,1362.7970,8.11189,0.126000,mesuree
70,99,169,Yb,168.935184210,1369.6640,8.10452,0.000000,mesuree
70,100,170,Yb,169.934767243,1378.1237,8.10661,3.023000,mesuree
70,101,171,Yb,170.936331515,1384.7379,8.09788,14.216000,mesuree
70,102,172,Yb,171.936386654,1392.7579,8.09743,21.754000,mesuree
70,103,173,Yb,172.938216212,1399.1250,8.08743,16.098000,mesuree
70,104,174,Yb,173.938867546,1406.5896,8.08385,31.896000,mesuree
70,105,175,Yb,174.941281910,1412.4119,8.07093,0.000000,mesuree
70,106,176,Yb,175.942574706,1419.2790,8.06409,12.887000,mesuree
70,107,177,Yb,176.945263850,1424.8454,8.04997,0.000000,mesuree
70,108,178,Yb,177.946669000,1431.6079,8.04274,0.000000,mesuree
70,109,179,Yb,178.949930000,1436.6416,8.02593,0.000000,estimee
70,110,180,Yb,179.951990000,1442.7940,8.01552,0.000000,estimee
70,111,181,Yb,180.955890000,1447.2325,7.99576,0.000000,estimee
71,79,150,Lu,149.973410000,1179.9195,7.86613,0.000000,estimee
71,80,151,Lu,150.967470000,1193.5239,7.90413,0.000000,estimee
71,81,152,Lu,151.964120000,1204.7157,7.92576,0.000000,estimee
71,82,153,Lu,152.958800000,1217.7426,7.95910,0.000000,mesuree
71,83,154,Lu,153.957420000,1227.0994,7.96818,0.000000,estimee
71,84,155,Lu,154.954326000,1238.0527,7.98744,0.000000,mesuree
71,85,156,Lu,155.953090000,1247.2754,7.99536,0.000000,mesuree
71,86,157,Lu,156.950145000,1258.0900,8.01331,0.000000,mesuree
71,87,158,Lu,157.949316000,1266.9335,8.01857,0.000000,mesuree
71,88,159,Lu,158.946640000,1277.4975,8.03458,0.000000,mesuree
71,89,160,Lu,159.946030000,1286.1370,8.03836,0.000000,mesuree
71,90,161,Lu,160.943570000,1296.4998,8.05279,0.000000,mesuree
71,91,162,Lu,161.943280000,1304.8413,8.05458,0.000000,mesuree
71,92,163,Lu,162.941180000,1314.8687,8.06668,0.000000,mesuree
71,93,164,Lu,163.941340000,1322.7910,8.06580,0.000000,mesuree
71,94,165,Lu,164.939407000,1332.6629,8.07674,0.000000,mesuree
71,95,166,Lu,165.939860000,1340.3122,8.07417,0.000000,mesuree
71,96,167,Lu,166.938240000,1349.8926,8.08319,0.000000,mesuree
71,97,168,Lu,167.938730000,1357.5075,8.08040,0.000000,mesuree
71,98,169,Lu,168.937646000,1366.5885,8.08632,0.000000,mesuree
71,99,170,Lu,169.938479000,1373.8839,8.08167,0.000000,mesuree
71,100,171,Lu,170.937918600,1382.4772,8.08466,0.000000,mesuree
71,101,172,Lu,171.939091300,1389.4562,8.07823,0.000000,mesuree
71,102,173,Lu,172.938935700,1397.6724,8.07903,0.000000,mesuree
71,103,174,Lu,173.940342800,1404.4331,8.07145,0.000000,mesuree
71,104,175,Lu,174.940777200,1412.0997,8.06914,97.401000,mesuree
71,105,176,Lu,175.942691700,1418.3877,8.05902,2.599000,mesuree
71,106,177,Lu,176.943763600,1425.4606,8.05345,0.000000,mesuree
71,107,178,Lu,177.945960100,1431.4858,8.04206,0.000000,mesuree
71,108,179,Lu,178.947333000,1438.2783,8.03507,0.000000,mesuree
71,109,180,Lu,179.949890000,1443.9678,8.02204,0.000000,mesuree
71,110,181,Lu,180.951910000,1450.1575,8.01192,0.000000,mesuree
71,111,182,Lu,181.955160000,1455.2015,7.99561,0.000000,estimee
71,112,183,Lu,182.957360000,1461.2235,7.98483,0.000000,mesuree
71,113,184,Lu,183.961030000,1465.8762,7.96672,0.000000,estimee
72,82,154,Hf,153.964860000,1219.3867,7.91810,0.000000,estimee
72,83,155,Hf,154.963170000,1229.0323,7.92924,0.000000,estimee
72,84,156,Hf,155.959400000,1240.6153,7.95266,0.000000,mesuree
72,85,157,Hf,156.958290000,1249.7206,7.96000,0.000000,estimee
72,86,158,Hf,157.954801000,1261.0419,7.98128,0.000000,mesuree
72,87,159,Hf,158.953996000,1269.8631,7.98656,0.000000,mesuree
72,88,160,Hf,159.950683000,1281.0204,8.00638,0.000000,mesuree
72,89,161,Hf,160.950278000,1289.4690,8.00912,0.000000,mesuree
72,90,162,Hf,161.947216000,1300.3925,8.02711,0.000000,mesuree
72,91,163,Hf,162.947107000,1308.5654,8.02801,0.000000,mesuree
72,92,164,Hf,163.944371000,1319.1853,8.04381,0.000000,mesuree
72,93,165,Hf,164.944570000,1327.0712,8.04286,0.000000,mesuree
72,94,166,Hf,165.942180000,1337.3688,8.05644,0.000000,mesuree
72,95,167,Hf,166.942600000,1345.0489,8.05419,0.000000,mesuree
72,96,168,Hf,167.940570000,1355.0112,8.06554,0.000000,mesuree
72,97,169,Hf,168.941260000,1362.4397,8.06177,0.000000,mesuree
72,98,170,Hf,169.939610000,1372.0480,8.07087,0.000000,mesuree
72,99,171,Hf,170.940490000,1379.2996,8.06608,0.000000,mesuree
72,100,172,Hf,171.939450000,1388.3397,8.07174,0.000000,mesuree
72,101,173,Hf,172.940510000,1395.4236,8.06603,0.000000,mesuree
72,102,174,Hf,173.940048400,1403.9249,8.06853,0.160982,mesuree
72,103,175,Hf,174.941511400,1410.6335,8.06076,0.000000,mesuree
72,104,176,Hf,175.941409800,1418.7994,8.06136,5.239424,mesuree
72,105,177,Hf,176.943230200,1425.1751,8.05184,18.577956,mesuree
72,106,178,Hf,177.943708300,1432.8010,8.04944,27.277000,mesuree
72,107,179,Hf,178.945825700,1438.9000,8.03855,13.628501,mesuree
72,108,180,Hf,179.946559500,1446.2878,8.03493,35.116137,mesuree
72,109,181,Hf,180.949110800,1451.9826,8.02200,0.000000,mesuree
72,110,182,Hf,181.950564000,1458.7003,8.01484,0.000000,mesuree
72,111,183,Hf,182.953530000,1464.0088,8.00005,0.000000,mesuree
72,112,184,Hf,183.955450000,1470.2916,7.99072,0.000000,mesuree
72,113,185,Hf,184.958860000,1475.1865,7.97398,0.000000,mesuree
72,114,186,Hf,185.960900000,1481.3576,7.96429,0.000000,mesuree
73,83,156,Ta,155.972090000,1228.0123,7.87187,0.000000,estimee
73,84,157,Ta,156.968230000,1239.6792,7.89605,0.000000,mesuree
73,85,158,Ta,157.966590000,1249.2782,7.90682,0.000000,estimee
73,86,159,Ta,158.963028000,1260.6675,7.92873,0.000000,mesuree
73,87,160,Ta,159.961540000,1270.1248,7.93828,0.000000,mesuree
73,88,161,Ta,160.958369000,1281.1499,7.95745,0.000000,mesuree
73,89,162,Ta,161.957290000,1290.2263,7.96436,0.000000,mesuree
73,90,163,Ta,162.954340000,1301.0455,7.98187,0.000000,mesuree
73,91,164,Ta,163.953530000,1309.8714,7.98702,0.000000,mesuree
73,92,165,Ta,164.950780000,1320.5043,8.00306,0.000000,mesuree
73,93,166,Ta,165.950510000,1328.8271,8.00498,0.000000,mesuree
73,94,167,Ta,166.948090000,1339.1527,8.01888,0.000000,mesuree
73,95,168,Ta,167.948050000,1347.2612,8.01941,0.000000,mesuree
73,96,169,Ta,168.946010000,1357.2328,8.03096,0.000000,mesuree
73,97,170,Ta,169.946180000,1365.1458,8.03027,0.000000,mesuree
73,98,171,Ta,170.944480000,1374.8006,8.03977,0.000000,mesuree
73,99,172,Ta,171.944900000,1382.4807,8.03768,0.000000,mesuree
73,100,173,Ta,172.943750000,1391.6233,8.04407,0.000000,mesuree
73,101,174,Ta,173.944450000,1399.0425,8.04047,0.000000,mesuree
73,102,175,Ta,174.943740000,1407.7752,8.04443,0.000000,mesuree
73,103,176,Ta,175.944860000,1414.8032,8.03865,0.000000,mesuree
73,104,177,Ta,176.944482000,1423.2267,8.04083,0.000000,mesuree
73,105,178,Ta,177.945680000,1430.1821,8.03473,0.000000,estimee
73,106,179,Ta,178.945939100,1438.0120,8.03359,0.000000,mesuree
73,107,180,Ta,179.947467600,1444.6596,8.02589,0.011760,mesuree
73,108,181,Ta,180.947998500,1452.2363,8.02341,99.988240,mesuree
73,109,182,Ta,181.950154600,1458.2993,8.01263,0.000000,mesuree
73,110,183,Ta,182.951375400,1465.2334,8.00674,0.000000,mesuree
73,111,184,Ta,183.954010000,1470.8506,7.99375,0.000000,mesuree
73,112,185,Ta,184.955561000,1477.4772,7.98636,0.000000,mesuree
73,113,186,Ta,185.958550000,1482.7643,7.97185,0.000000,mesuree
73,114,187,Ta,186.960390000,1489.1216,7.96322,0.000000,mesuree
73,115,188,Ta,187.963600000,1494.2029,7.94789,0.000000,estimee
74,84,158,W,157.974570000,1241.0625,7.85483,0.000000,estimee
74,85,159,W,158.972700000,1250.8757,7.86714,0.000000,estimee
74,86,160,W,159.968510000,1262.8500,7.89281,0.000000,mesuree
74,87,161,W,160.967250000,1272.0950,7.90121,0.000000,estimee
74,88,162,W,161.963500000,1283.6594,7.92382,0.000000,mesuree
74,89,163,W,162.962520000,1292.6436,7.93033,0.000000,mesuree
74,90,164,W,163.958952000,1304.0385,7.95145,0.000000,mesuree
74,91,165,W,164.958281000,1312.7348,7.95597,0.000000,mesuree
74,92,166,W,165.955032000,1323.8326,7.97489,0.000000,mesuree
74,93,167,W,166.954811000,1332.1097,7.97671,0.000000,mesuree
74,94,168,W,167.951805000,1342.9811,7.99394,0.000000,mesuree
74,95,169,W,168.951779000,1351.0767,7.99454,0.000000,mesuree
74,96,170,W,169.949231000,1361.5214,8.00895,0.000000,mesuree
74,97,171,W,170.949450000,1369.3888,8.00812,0.000000,mesuree
74,98,172,W,171.947290000,1379.4721,8.02019,0.000000,mesuree
74,99,173,W,172.947690000,1387.1708,8.01833,0.000000,mesuree
74,100,174,W,173.946080000,1396.7418,8.02725,0.000000,mesuree
74,101,175,W,174.946720000,1404.2170,8.02410,0.000000,mesuree
74,102,176,W,175.945630000,1413.3037,8.03013,0.000000,mesuree
74,103,177,W,176.946640000,1420.4342,8.02505,0.000000,mesuree
74,104,178,W,177.945886000,1429.2078,8.02926,0.000000,mesuree
74,105,179,W,178.947079000,1436.1679,8.02328,0.000000,mesuree
74,106,180,W,179.946713300,1444.5798,8.02544,0.120000,mesuree
74,107,181,W,180.948218700,1451.2489,8.01795,0.000000,mesuree
74,108,182,W,181.948205600,1459.3324,8.01831,26.500000,mesuree
74,109,183,W,182.950224400,1465.5232,8.00832,14.310000,mesuree
74,110,184,W,183.950933200,1472.9343,8.00508,30.640000,mesuree
74,111,185,W,184.953421200,1478.6881,7.99291,0.000000,mesuree
74,112,186,W,185.954365100,1485.8801,7.98860,28.430000,mesuree
74,113,187,W,186.957161200,1491.3469,7.97512,0.000000,mesuree
74,114,188,W,187.958488000,1498.1823,7.96905,0.000000,mesuree
74,115,189,W,188.961560000,1503.3921,7.95446,0.000000,estimee
74,116,190,W,189.963100000,1510.0289,7.94752,0.000000,mesuree
75,85,160,Re,159.981880000,1249.6136,7.81008,0.000000,estimee
75,86,161,Re,160.977620000,1261.6530,7.83635,0.000000,mesuree
75,87,162,Re,161.975900000,1271.3265,7.84769,0.000000,estimee
75,88,163,Re,162.972085000,1282.9515,7.87087,0.000000,mesuree
75,89,164,Re,163.970510000,1292.4899,7.88104,0.000000,mesuree
75,90,165,Re,164.967086000,1303.7507,7.90152,0.000000,mesuree
75,91,166,Re,165.965820000,1313.0013,7.90965,0.000000,mesuree
75,92,167,Re,166.962600000,1324.0720,7.92857,0.000000,estimee
75,93,168,Re,167.961570000,1333.1027,7.93514,0.000000,mesuree
75,94,169,Re,168.958766000,1343.7860,7.95140,0.000000,mesuree
75,95,170,Re,169.958235000,1352.3519,7.95501,0.000000,mesuree
75,96,171,Re,170.955720000,1362.7659,7.96939,0.000000,mesuree
75,97,172,Re,171.955380000,1371.1540,7.97183,0.000000,mesuree
75,98,173,Re,172.953240000,1381.2187,7.98392,0.000000,mesuree
75,99,174,Re,173.953120000,1389.4018,7.98507,0.000000,mesuree
75,100,175,Re,174.951380000,1399.0939,7.99482,0.000000,mesuree
75,101,176,Re,175.951620000,1406.9417,7.99399,0.000000,mesuree
75,102,177,Re,176.950330000,1416.2146,8.00121,0.000000,mesuree
75,103,178,Re,177.950990000,1423.6711,7.99815,0.000000,mesuree
75,104,179,Re,178.949990000,1432.6739,8.00377,0.000000,mesuree
75,105,180,Re,179.950792000,1439.9982,7.99999,0.000000,mesuree
75,106,181,Re,180.950062000,1448.7495,8.00414,0.000000,mesuree
75,107,182,Re,181.951210000,1455.7515,7.99863,0.000000,mesuree
75,108,183,Re,182.950821000,1464.1851,8.00101,0.000000,mesuree
75,109,184,Re,183.952528000,1470.6664,7.99275,0.000000,mesuree
75,110,185,Re,184.952958300,1478.3369,7.99101,37.400000,mesuree
75,111,186,Re,185.954989200,1484.5164,7.98127,0.000000,mesuree
75,112,187,Re,186.955752200,1491.8770,7.97795,62.600000,mesuree
75,113,188,Re,187.958113700,1497.7486,7.96675,0.000000,mesuree
75,114,189,Re,188.959228000,1504.7820,7.96181,0.000000,mesuree
75,115,190,Re,189.961800000,1510.4575,7.94978,0.000000,mesuree
75,116,191,Re,190.963123000,1517.2965,7.94396,0.000000,mesuree
75,117,192,Re,191.966090000,1522.6040,7.93023,0.000000,mesuree
76,86,162,Os,161.984430000,1262.5985,7.79382,0.000000,estimee
76,87,163,Os,162.982460000,1272.5049,7.80678,0.000000,estimee
76,88,164,Os,163.978070000,1284.6655,7.83333,0.000000,mesuree
76,89,165,Os,164.976650000,1294.0595,7.84278,0.000000,estimee
76,90,166,Os,165.972698000,1305.8121,7.86634,0.000000,mesuree
76,91,167,Os,166.971550000,1314.9528,7.87397,0.000000,mesuree
76,92,168,Os,167.967799000,1326.5181,7.89594,0.000000,mesuree
76,93,169,Os,168.967018000,1335.3169,7.90128,0.000000,mesuree
76,94,170,Os,169.963579000,1346.5917,7.92113,0.000000,mesuree
76,95,171,Os,170.963180000,1355.0346,7.92418,0.000000,mesuree
76,96,172,Os,171.960017000,1366.0523,7.94216,0.000000,mesuree
76,97,173,Os,172.959808000,1374.3183,7.94404,0.000000,mesuree
76,98,174,Os,173.957063000,1384.9465,7.95946,0.000000,mesuree
76,99,175,Os,174.956945000,1393.1278,7.96073,0.000000,mesuree
76,100,176,Os,175.954770000,1403.2251,7.97287,0.000000,mesuree
76,101,177,Os,176.954958000,1411.1213,7.97244,0.000000,mesuree
76,102,178,Os,177.953253000,1420.7808,7.98191,0.000000,mesuree
76,103,179,Os,178.953816000,1428.3277,7.97948,0.000000,mesuree
76,104,180,Os,179.952382000,1437.7348,7.98742,0.000000,mesuree
76,105,181,Os,180.953247000,1445.0004,7.98343,0.000000,mesuree
76,106,182,Os,181.952110000,1454.1308,7.98973,0.000000,mesuree
76,107,183,Os,182.953130000,1461.2520,7.98498,0.000000,mesuree
76,108,184,Os,183.952492900,1469.9168,7.98868,0.020000,mesuree
76,109,185,Os,184.954046000,1476.5414,7.98130,0.000000,mesuree
76,110,186,Os,185.953837600,1484.8068,7.98283,1.590000,mesuree
76,111,187,Os,186.955749600,1491.0971,7.97378,1.960000,mesuree
76,112,188,Os,187.955837300,1499.0867,7.97387,13.240000,mesuree
76,113,189,Os,188.958145900,1505.0076,7.96300,16.150000,mesuree
76,114,190,Os,189.958445400,1512.7999,7.96210,26.260000,mesuree
76,115,191,Os,190.960928100,1518.5586,7.95057,0.000000,mesuree
76,116,192,Os,191.961478800,1526.1170,7.94853,40.780000,mesuree
76,117,193,Os,192.964149600,1531.7005,7.93627,0.000000,mesuree
76,118,194,Os,193.965179400,1538.8125,7.93202,0.000000,mesuree
76,119,195,Os,194.968320000,1543.9584,7.91774,0.000000,mesuree
76,120,196,Os,195.969640000,1550.8001,7.91225,0.000000,mesuree
77,88,165,Ir,164.987550000,1283.1239,7.77651,0.000000,estimee
77,89,166,Ir,165.985720000,1292.8998,7.78855,0.000000,estimee
77,90,167,Ir,166.981672000,1304.7418,7.81283,0.000000,mesuree
77,91,168,Ir,167.979960000,1314.4079,7.82386,0.000000,mesuree
77,92,169,Ir,168.976282000,1325.9052,7.84559,0.000000,mesuree
77,93,170,Ir,169.975110000,1335.0683,7.85334,0.000000,estimee
77,94,171,Ir,170.971650000,1346.3625,7.87347,0.000000,mesuree
77,95,172,Ir,171.970610000,1355.4026,7.88025,0.000000,mesuree
77,96,173,Ir,172.967505000,1366.3662,7.89807,0.000000,mesuree
77,97,174,Ir,173.966950000,1374.9545,7.90204,0.000000,mesuree
77,98,175,Ir,174.964150000,1385.6340,7.91791,0.000000,mesuree
77,99,176,Ir,175.963626000,1394.1934,7.92155,0.000000,mesuree
77,100,177,Ir,176.961302000,1404.4296,7.93463,0.000000,mesuree
77,101,178,Ir,177.961079000,1412.7086,7.93657,0.000000,mesuree
77,102,179,Ir,178.959118000,1422.6066,7.94752,0.000000,mesuree
77,103,180,Ir,179.959229000,1430.5745,7.94764,0.000000,mesuree
77,104,181,Ir,180.957635000,1440.1306,7.95652,0.000000,mesuree
77,105,182,Ir,181.958076000,1447.7911,7.95490,0.000000,mesuree
77,106,183,Ir,182.956841000,1457.0129,7.96182,0.000000,mesuree
77,107,184,Ir,183.957480000,1464.4890,7.95918,0.000000,mesuree
77,108,185,Ir,184.956700000,1473.2868,7.96371,0.000000,mesuree
77,109,186,Ir,185.957947000,1480.1966,7.95805,0.000000,mesuree
77,110,187,Ir,186.957540000,1488.6470,7.96068,0.000000,mesuree
77,111,188,Ir,187.958835000,1495.5120,7.95485,0.000000,mesuree
77,112,189,Ir,188.958723000,1503.6877,7.95602,0.000000,mesuree
77,113,190,Ir,189.960543400,1510.0633,7.94770,0.000000,mesuree
77,114,191,Ir,190.960591500,1518.0898,7.94811,37.230000,mesuree
77,115,192,Ir,191.962602400,1524.2880,7.93900,0.000000,mesuree
77,116,193,Ir,192.962923800,1532.0599,7.93813,62.770000,mesuree
77,117,194,Ir,193.965075700,1538.1268,7.92849,0.000000,mesuree
77,118,195,Ir,194.965976900,1545.3586,7.92492,0.000000,mesuree
77,119,196,Ir,195.968400000,1551.1729,7.91415,0.000000,mesuree
77,120,197,Ir,196.969657000,1558.0733,7.90900,0.000000,mesuree
77,121,198,Ir,197.972400000,1563.5895,7.89692,0.000000,estimee
77,122,199,Ir,198.973810000,1570.3474,7.89119,0.000000,mesuree
78,90,168,Pt,167.988180000,1305.9686,7.77362,0.000000,mesuree
78,91,169,Pt,168.986620000,1315.4931,7.78398,0.000000,estimee
78,92,170,Pt,169.982502000,1327.4003,7.80824,0.000000,mesuree
78,93,171,Pt,170.981250000,1336.6379,7.81660,0.000000,mesuree
78,94,172,Pt,171.977341000,1348.3504,7.83925,0.000000,mesuree
78,95,173,Pt,172.976450000,1357.2517,7.84539,0.000000,mesuree
78,96,174,Pt,173.972820000,1368.7043,7.86612,0.000000,mesuree
78,97,175,Pt,174.972401000,1377.1659,7.86952,0.000000,mesuree
78,98,176,Pt,175.968938000,1388.4630,7.88899,0.000000,mesuree
78,99,177,Pt,176.968470000,1396.9703,7.89249,0.000000,mesuree
78,100,178,Pt,177.965649000,1407.6693,7.90825,0.000000,mesuree
78,101,179,Pt,178.965359000,1416.0108,7.91067,0.000000,mesuree
78,102,180,Pt,179.963038000,1426.2441,7.92358,0.000000,mesuree
78,103,181,Pt,180.963090000,1434.2670,7.92413,0.000000,mesuree
78,104,182,Pt,181.961172000,1444.1249,7.93475,0.000000,mesuree
78,105,183,Pt,182.961596000,1451.8013,7.93334,0.000000,mesuree
78,106,184,Pt,183.959922000,1461.4319,7.94256,0.000000,mesuree
78,107,185,Pt,184.960614000,1468.8586,7.93978,0.000000,mesuree
78,108,186,Pt,185.959351000,1478.1064,7.94681,0.000000,mesuree
78,109,187,Pt,186.960617000,1484.9985,7.94117,0.000000,mesuree
78,110,188,Pt,187.959398000,1494.2053,7.94790,0.000000,mesuree
78,111,189,Pt,188.960848000,1500.9259,7.94141,0.000000,mesuree
78,112,190,Pt,189.959949800,1509.8339,7.94649,0.012000,mesuree
78,113,191,Pt,190.961676000,1516.2973,7.93873,0.000000,mesuree
78,114,192,Pt,191.961042700,1524.9585,7.94249,0.782000,mesuree
78,115,193,Pt,192.962984500,1531.2211,7.93379,0.000000,mesuree
78,116,194,Pt,193.962683500,1539.5728,7.93594,32.864000,mesuree
78,117,195,Pt,194.964794300,1545.6779,7.92655,33.775000,mesuree
78,118,196,Pt,195.964954600,1553.5999,7.92653,25.211000,mesuree
78,119,197,Pt,196.967343000,1559.4464,7.91597,0.000000,mesuree
78,120,198,Pt,197.967896700,1567.0020,7.91415,7.356000,mesuree
78,121,199,Pt,198.970597000,1572.5580,7.90230,0.000000,mesuree
78,122,200,Pt,199.971445000,1579.8394,7.89920,0.000000,mesuree
78,123,201,Pt,200.974510000,1585.0557,7.88585,0.000000,mesuree
78,124,202,Pt,201.975639000,1592.0753,7.88156,0.000000,mesuree
79,92,171,Au,170.991882000,1325.9519,7.75410,0.000000,mesuree
79,93,172,Au,171.990000000,1335.7763,7.76614,0.000000,mesuree
79,94,173,Au,172.986224000,1347.3649,7.78824,0.000000,mesuree
79,95,174,Au,173.984910000,1356.6602,7.79690,0.000000,estimee
79,96,175,Au,174.981320000,1368.0756,7.81757,0.000000,mesuree
79,97,176,Au,175.980120000,1377.2647,7.82537,0.000000,mesuree
79,98,177,Au,176.976870000,1388.3634,7.84386,0.000000,mesuree
79,99,178,Au,177.976057000,1397.1920,7.84939,0.000000,mesuree
79,100,179,Au,178.973174000,1407.9488,7.86564,0.000000,mesuree
79,101,180,Au,179.972490000,1416.6573,7.87032,0.000000,mesuree
79,102,181,Au,180.970079000,1426.9744,7.88384,0.000000,mesuree
79,103,182,Au,181.969614000,1435.4789,7.88725,0.000000,mesuree
79,104,183,Au,182.967588000,1445.4374,7.89857,0.000000,mesuree
79,105,184,Au,183.967452000,1453.6354,7.90019,0.000000,mesuree
79,106,185,Au,184.965798900,1463.2466,7.90944,0.000000,mesuree
79,107,186,Au,185.965953000,1471.1743,7.90954,0.000000,mesuree
79,108,187,Au,186.964542000,1480.5600,7.91743,0.000000,mesuree
79,109,188,Au,187.965248000,1487.9737,7.91475,0.000000,mesuree
79,110,189,Au,188.963948000,1497.2559,7.92199,0.000000,mesuree
79,111,190,Au,189.964752000,1504.5783,7.91883,0.000000,mesuree
79,112,191,Au,190.963716000,1513.6147,7.92468,0.000000,mesuree
79,113,192,Au,191.964818000,1520.6595,7.92010,0.000000,mesuree
79,114,193,Au,192.964138000,1529.3642,7.92417,0.000000,mesuree
79,115,194,Au,193.965419100,1536.2422,7.91877,0.000000,mesuree
79,116,195,Au,194.965037800,1544.6687,7.92138,0.000000,mesuree
79,117,196,Au,195.966571000,1551.3119,7.91486,0.000000,mesuree
79,118,197,Au,196.966570100,1559.3840,7.91565,100.000000,mesuree
79,119,198,Au,197.968243700,1565.8964,7.90857,0.000000,mesuree
79,120,199,Au,198.968766600,1573.4806,7.90694,0.000000,mesuree
79,121,200,Au,199.970757000,1579.6979,7.89849,0.000000,mesuree
79,122,201,Au,200.971658000,1586.9299,7.89517,0.000000,mesuree
79,123,202,Au,201.973856000,1592.9538,7.88591,0.000000,mesuree
79,124,203,Au,202.975154000,1599.8161,7.88087,0.000000,mesuree
79,125,204,Au,203.978110000,1605.1339,7.86830,0.000000,estimee
79,126,205,Au,204.980060000,1611.3888,7.86043,0.000000,estimee
80,95,175,Hg,174.991440000,1357.8665,7.75924,0.000000,mesuree
80,96,176,Hg,175.987349000,1369.7486,7.78266,0.000000,mesuree
80,97,177,Hg,176.986280000,1378.8157,7.78992,0.000000,mesuree
80,98,178,Hg,177.982485000,1390.4220,7.81136,0.000000,mesuree
80,99,179,Hg,178.981820000,1399.1128,7.81627,0.000000,mesuree
80,100,180,Hg,179.978260000,1410.5002,7.83611,0.000000,mesuree
80,101,181,Hg,180.977819000,1418.9823,7.83968,0.000000,mesuree
80,102,182,Hg,181.974689000,1429.9692,7.85697,0.000000,mesuree
80,103,183,Hg,182.974445000,1438.2678,7.85939,0.000000,mesuree
80,104,184,Hg,183.971718000,1448.8793,7.87434,0.000000,mesuree
80,105,185,Hg,184.971891000,1456.7895,7.87454,0.000000,mesuree
80,106,186,Hg,185.969362000,1467.2165,7.88826,0.000000,mesuree
80,107,187,Hg,186.969814000,1474.8668,7.88699,0.000000,mesuree
80,108,188,Hg,187.967581000,1485.0182,7.89903,0.000000,mesuree
80,109,189,Hg,188.968190000,1492.5222,7.89694,0.000000,mesuree
80,110,190,Hg,189.966322000,1502.3335,7.90702,0.000000,mesuree
80,111,191,Hg,190.967158000,1509.6261,7.90380,0.000000,mesuree
80,112,192,Hg,191.965634000,1519.1171,7.91207,0.000000,mesuree
80,113,193,Hg,192.966653000,1526.2392,7.90798,0.000000,mesuree
80,114,194,Hg,193.965449000,1535.4320,7.91460,0.000000,mesuree
80,115,195,Hg,194.966706000,1542.3324,7.90940,0.000000,mesuree
80,116,196,Hg,195.965833000,1551.2170,7.91437,0.150000,mesuree
80,117,197,Hg,196.967214000,1558.0019,7.90864,0.000000,mesuree
80,118,198,Hg,197.966769200,1566.4875,7.91155,10.040000,mesuree
80,119,199,Hg,198.968281000,1573.1506,7.90528,16.940000,mesuree
80,120,200,Hg,199.968326900,1581.1792,7.90590,23.140000,mesuree
80,121,201,Hg,200.970303100,1587.4097,7.89756,13.170000,mesuree
80,122,202,Hg,201.970643600,1595.1638,7.89685,29.740000,mesuree
80,123,203,Hg,202.972872400,1601.1590,7.88748,0.000000,mesuree
80,124,204,Hg,203.973494000,1608.6513,7.88555,6.820000,mesuree
80,125,205,Hg,204.976073000,1614.3203,7.87473,0.000000,mesuree
80,126,206,Hg,205.977514000,1621.0494,7.86917,0.000000,mesuree
80,127,207,Hg,206.982300000,1624.6625,7.84861,0.000000,mesuree
80,128,208,Hg,207.985760000,1629.5109,7.83419,0.000000,mesuree
81,96,177,Tl,176.996414000,1368.5935,7.73217,0.000000,mesuree
81,97,178,Tl,177.995050000,1377.9354,7.74121,0.000000,estimee
81,98,179,Tl,178.991120000,1389.6675,7.76351,0.000000,mesuree
81,99,180,Tl,179.989920000,1398.8566,7.77143,0.000000,mesuree
81,100,181,Tl,180.986260000,1410.3372,7.79192,0.000000,mesuree
81,101,182,Tl,181.985693000,1418.9367,7.79636,0.000000,mesuree
81,102,183,Tl,182.982193000,1430.2682,7.81567,0.000000,mesuree
81,103,184,Tl,183.981875000,1438.6358,7.81867,0.000000,mesuree
81,104,185,Tl,184.978789000,1449.5817,7.83558,0.000000,mesuree
81,105,186,Tl,185.978655000,1457.7778,7.83752,0.000000,mesuree
81,106,187,Tl,186.975905000,1468.4107,7.85246,0.000000,mesuree
81,107,188,Tl,187.976020000,1476.3749,7.85306,0.000000,mesuree
81,108,189,Tl,188.973574000,1486.7247,7.86627,0.000000,mesuree
81,109,190,Tl,189.973842000,1494.5464,7.86603,0.000000,mesuree
81,110,191,Tl,190.971784000,1504.5347,7.87715,0.000000,mesuree
81,111,192,Tl,191.972230000,1512.1906,7.87599,0.000000,mesuree
81,112,193,Tl,192.970502000,1521.8715,7.88534,0.000000,mesuree
81,113,194,Tl,193.971081000,1529.4035,7.88352,0.000000,mesuree
81,114,195,Tl,194.969774000,1538.6923,7.89073,0.000000,mesuree
81,115,196,Tl,195.970481000,1546.1050,7.88829,0.000000,mesuree
81,116,197,Tl,196.969560000,1555.0342,7.89357,0.000000,mesuree
81,117,198,Tl,197.970447000,1562.2793,7.89030,0.000000,mesuree
81,118,199,Tl,198.969880000,1570.8788,7.89386,0.000000,mesuree
81,119,200,Tl,199.970964000,1577.9404,7.88970,0.000000,mesuree
81,120,201,Tl,200.970820000,1586.1458,7.89127,0.000000,mesuree
81,121,202,Tl,201.972108900,1593.0166,7.88622,0.000000,mesuree
81,122,203,Tl,202.972344100,1600.8688,7.88605,29.515000,mesuree
81,123,204,Tl,203.973863400,1607.5249,7.88002,0.000000,mesuree
81,124,205,Tl,204.974427300,1615.0709,7.87839,70.485000,mesuree
81,125,206,Tl,205.976110100,1621.5747,7.87172,0.000000,mesuree
81,126,207,Tl,206.977419000,1628.4268,7.86680,0.000000,mesuree
81,127,208,Tl,207.982018000,1632.2142,7.84718,0.000000,mesuree
81,128,209,Tl,208.985352000,1637.1799,7.83340,0.000000,mesuree
81,129,210,Tl,209.990073000,1640.8536,7.81359,0.000000,mesuree
82,99,181,Pb,180.996660000,1399.8673,7.73407,0.000000,mesuree
82,100,182,Pb,181.992674000,1411.6516,7.75633,0.000000,mesuree
82,101,183,Pb,182.991860000,1420.4811,7.76219,0.000000,mesuree
82,102,184,Pb,183.988136000,1432.0213,7.78272,0.000000,mesuree
82,103,185,Pb,184.987610000,1440.5826,7.78693,0.000000,mesuree
82,104,186,Pb,185.984239000,1451.7940,7.80534,0.000000,mesuree
82,105,187,Pb,186.983911000,1460.1709,7.80840,0.000000,mesuree
82,106,188,Pb,187.980879000,1471.0665,7.82482,0.000000,mesuree
82,107,189,Pb,188.980844000,1479.1704,7.82630,0.000000,mesuree
82,108,190,Pb,189.978082000,1489.8145,7.84113,0.000000,mesuree
82,109,191,Pb,190.978216000,1497.7610,7.84168,0.000000,mesuree
82,110,192,Pb,191.975790000,1508.0921,7.85465,0.000000,mesuree
82,111,193,Pb,192.976136000,1515.8411,7.85410,0.000000,mesuree
82,112,194,Pb,193.974012000,1525.8909,7.86542,0.000000,mesuree
82,113,195,Pb,194.974516000,1533.4928,7.86407,0.000000,mesuree
82,114,196,Pb,195.972788000,1543.1737,7.87334,0.000000,mesuree
82,115,197,Pb,196.973435000,1550.6424,7.87128,0.000000,mesuree
82,116,198,Pb,197.972015000,1560.0364,7.87897,0.000000,mesuree
82,117,199,Pb,198.972913000,1567.2712,7.87573,0.000000,mesuree
82,118,200,Pb,199.971819000,1576.3616,7.88181,0.000000,mesuree
82,119,201,Pb,200.972870000,1583.4539,7.87788,0.000000,mesuree
82,120,202,Pb,201.972152000,1592.1941,7.88215,0.000000,mesuree
82,121,203,Pb,202.973391000,1599.1113,7.87740,0.000000,mesuree
82,122,204,Pb,203.973043500,1607.5063,7.87993,1.400000,mesuree
82,123,205,Pb,204.974481700,1614.2379,7.87433,0.000000,mesuree
82,124,206,Pb,205.974465200,1622.3246,7.87536,24.100000,mesuree
82,125,207,Pb,206.975896800,1629.0624,7.86987,22.100000,mesuree
82,126,208,Pb,207.976652000,1636.4302,7.86745,52.400000,mesuree
82,127,209,Pb,208.981090000,1640.3676,7.84865,0.000000,mesuree
82,128,210,Pb,209.984188400,1645.5528,7.83597,0.000000,mesuree
82,129,211,Pb,210.988735300,1649.3887,7.81701,0.000000,mesuree
82,130,212,Pb,211.991895900,1654.5159,7.80432,0.000000,mesuree
82,131,213,Pb,212.996561000,1658.2417,7.78517,0.000000,mesuree
82,132,214,Pb,213.999803500,1663.2927,7.77240,0.000000,mesuree
83,102,185,Bi,184.997600000,1430.4946,7.73240,0.000000,estimee
83,103,186,Bi,185.996623000,1439.4760,7.73912,0.000000,mesuree
83,104,187,Bi,186.993147000,1450.7852,7.75821,0.000000,mesuree
83,105,188,Bi,187.992276000,1459.6679,7.76419,0.000000,mesuree
83,106,189,Bi,188.989195000,1470.6091,7.78100,0.000000,mesuree
83,107,190,Bi,189.988625000,1479.2114,7.78532,0.000000,mesuree
83,108,191,Bi,190.985787000,1489.9263,7.80066,0.000000,mesuree
83,109,192,Bi,191.985470000,1498.2929,7.80361,0.000000,mesuree
83,110,193,Bi,192.982947000,1508.7144,7.81717,0.000000,mesuree
83,111,194,Bi,193.982799000,1516.9236,7.81919,0.000000,mesuree
83,112,195,Bi,194.980649000,1526.9976,7.83076,0.000000,mesuree
83,113,196,Bi,195.980667000,1535.0521,7.83190,0.000000,mesuree
83,114,197,Bi,196.978865000,1544.8020,7.84163,0.000000,mesuree
83,115,198,Bi,197.979201000,1552.5603,7.84121,0.000000,mesuree
83,116,199,Bi,198.977673000,1562.0550,7.84952,0.000000,mesuree
83,117,200,Bi,199.978131000,1569.6997,7.84850,0.000000,mesuree
83,118,201,Bi,200.976995000,1578.8292,7.85487,0.000000,mesuree
83,119,202,Bi,201.977723000,1586.2224,7.85259,0.000000,mesuree
83,120,203,Bi,202.976892000,1595.0677,7.85748,0.000000,mesuree
83,121,204,Bi,203.977836000,1602.2597,7.85421,0.000000,mesuree
83,122,205,Bi,204.977385000,1610.7512,7.85732,0.000000,mesuree
83,123,206,Bi,205.978499000,1617.7848,7.85332,0.000000,mesuree
83,124,207,Bi,206.978470600,1625.8826,7.85451,0.000000,mesuree
83,125,208,Bi,207.979742100,1632.7695,7.84985,0.000000,mesuree
83,126,209,Bi,208.980398600,1640.2293,7.84799,100.000000,mesuree
83,127,210,Bi,209.984120200,1644.8340,7.83254,0.000000,mesuree
83,128,211,Bi,210.987269000,1649.9722,7.81977,0.000000,mesuree
83,129,212,Bi,211.991285000,1654.3026,7.80331,0.000000,mesuree
83,130,213,Bi,212.994384000,1659.4872,7.79102,0.000000,mesuree
83,131,214,Bi,213.998711000,1663.5280,7.77350,0.000000,mesuree
83,132,215,Bi,215.001749000,1668.7694,7.76172,0.000000,mesuree
83,133,216,Bi,216.006306000,1672.5959,7.74350,0.000000,mesuree
84,106,190,Po,189.995102000,1472.3958,7.74945,0.000000,mesuree
84,107,191,Po,190.994558000,1480.9738,7.75379,0.000000,mesuree
84,108,192,Po,191.991340000,1492.0427,7.77106,0.000000,mesuree
84,109,193,Po,192.991062000,1500.3730,7.77395,0.000000,mesuree
84,110,194,Po,193.988186000,1511.1232,7.78930,0.000000,mesuree
84,111,195,Po,194.988066000,1519.3063,7.79131,0.000000,mesuree
84,112,196,Po,195.985541000,1529.7297,7.80474,0.000000,mesuree
84,113,197,Po,196.985622000,1537.7256,7.80571,0.000000,mesuree
84,114,198,Po,197.983389000,1547.8769,7.81756,0.000000,mesuree
84,115,199,Po,198.983640000,1555.7144,7.81766,0.000000,mesuree
84,116,200,Po,199.981812000,1565.4885,7.82744,0.000000,mesuree
84,117,201,Po,200.982264000,1573.1388,7.82656,0.000000,mesuree
84,118,202,Po,201.980739000,1582.6306,7.83481,0.000000,mesuree
84,119,203,Po,202.981416000,1590.0713,7.83286,0.000000,mesuree
84,120,204,Po,203.980310000,1599.1729,7.83908,0.000000,mesuree
84,121,205,Po,204.981190000,1606.4245,7.83622,0.000000,mesuree
84,122,206,Po,205.980474000,1615.1627,7.84060,0.000000,mesuree
84,123,207,Po,206.981593000,1622.1917,7.83667,0.000000,mesuree
84,124,208,Po,207.981246000,1630.5863,7.83936,0.000000,mesuree
84,125,209,Po,208.982430400,1637.5543,7.83519,0.000000,mesuree
84,126,210,Po,209.982873700,1645.2127,7.83435,0.000000,mesuree
84,127,211,Po,210.986653200,1649.7634,7.81878,0.000000,mesuree
84,128,212,Po,211.988868000,1655.7717,7.81024,0.000000,mesuree
84,129,213,Po,212.992857000,1660.1273,7.79402,0.000000,mesuree
84,130,214,Po,213.995201300,1666.0149,7.78512,0.000000,mesuree
84,131,215,Po,214.999418400,1670.1580,7.76818,0.000000,mesuree
84,132,216,Po,216.001913400,1675.9053,7.75882,0.000000,mesuree
84,133,217,Po,217.006316000,1679.8756,7.74136,0.000000,mesuree
84,134,218,Po,218.008971200,1685.4736,7.73153,0.000000,mesuree
85,108,193,At,192.999928000,1491.3320,7.72711,0.000000,mesuree
85,109,194,At,193.999231000,1500.0525,7.73223,0.000000,mesuree
85,110,195,At,194.996274000,1510.8783,7.74809,0.000000,mesuree
85,111,196,At,195.995800000,1519.3911,7.75200,0.000000,mesuree
85,112,197,At,196.993177000,1529.9058,7.76602,0.000000,mesuree
85,113,198,At,197.992798000,1538.3301,7.76934,0.000000,mesuree
85,114,199,At,198.990528000,1548.5159,7.78149,0.000000,mesuree
85,115,200,At,199.990351000,1556.7521,7.78376,0.000000,mesuree
85,116,201,At,200.988417000,1566.6250,7.79415,0.000000,mesuree
85,117,202,At,201.988626000,1574.5016,7.79456,0.000000,mesuree
85,118,203,At,202.986943000,1584.1406,7.80365,0.000000,mesuree
85,119,204,At,203.987251000,1591.9250,7.80355,0.000000,mesuree
85,120,205,At,204.986061000,1601.1048,7.81027,0.000000,mesuree
85,121,206,At,205.986646000,1608.6312,7.80889,0.000000,mesuree
85,122,207,At,206.985800000,1617.4906,7.81396,0.000000,mesuree
85,123,208,At,207.986613000,1624.8046,7.81156,0.000000,mesuree
85,124,209,At,208.986169000,1633.2895,7.81478,0.000000,mesuree
85,125,210,At,209.987147000,1640.4498,7.81167,0.000000,mesuree
85,126,211,At,210.987496200,1648.1959,7.81135,0.000000,mesuree
85,127,212,At,211.990737300,1653.2481,7.79834,0.000000,mesuree
85,128,213,At,212.992937000,1659.2704,7.79000,0.000000,mesuree
85,129,214,At,213.996372000,1664.1421,7.77636,0.000000,mesuree
85,130,215,At,214.998651000,1670.0905,7.76786,0.000000,mesuree
85,131,216,At,216.002423000,1674.6482,7.75300,0.000000,mesuree
85,132,217,At,217.004718000,1680.5818,7.74462,0.000000,mesuree
85,133,218,At,218.008696000,1684.9476,7.72912,0.000000,mesuree
85,134,219,At,219.011161000,1690.7228,7.72020,0.000000,mesuree
85,135,220,At,220.015433000,1694.8147,7.70370,0.000000,mesuree
85,136,221,At,221.018017000,1700.4791,7.69448,0.000000,mesuree
85,137,222,At,222.022494000,1704.3801,7.67739,0.000000,mesuree
85,138,223,At,223.025151000,1709.9764,7.66806,0.000000,mesuree
86,110,196,Rn,196.002120000,1512.7217,7.71797,0.000000,mesuree
86,111,197,Rn,197.001621000,1521.2579,7.72212,0.000000,mesuree
86,112,198,Rn,197.998679000,1532.0697,7.73773,0.000000,mesuree
86,113,199,Rn,198.998325000,1540.4707,7.74106,0.000000,mesuree
86,114,200,Rn,199.995705000,1550.9826,7.75491,0.000000,mesuree
86,115,201,Rn,200.995591000,1559.1601,7.75702,0.000000,mesuree
86,116,202,Rn,201.993264000,1569.3990,7.76930,0.000000,mesuree
86,117,203,Rn,202.993361000,1577.3799,7.77034,0.000000,mesuree
86,118,204,Rn,203.991444000,1587.2369,7.78057,0.000000,mesuree
86,119,205,Rn,204.991723000,1595.0484,7.78072,0.000000,mesuree
86,120,206,Rn,205.990195000,1604.5430,7.78904,0.000000,mesuree
86,121,207,Rn,206.990730000,1612.1160,7.78800,0.000000,mesuree
86,122,208,Rn,207.989635000,1621.2073,7.79427,0.000000,mesuree
86,123,209,Rn,208.990401000,1628.5651,7.79218,0.000000,mesuree
86,124,210,Rn,209.989689000,1637.2996,7.79666,0.000000,mesuree
86,125,211,Rn,210.990601000,1644.5214,7.79394,0.000000,mesuree
86,126,212,Rn,211.990704000,1652.4968,7.79480,0.000000,mesuree
86,127,213,Rn,212.993885000,1657.6050,7.78218,0.000000,mesuree
86,128,214,Rn,213.995363000,1664.2996,7.77710,0.000000,mesuree
86,129,215,Rn,214.998745000,1669.2206,7.76382,0.000000,mesuree
86,130,216,Rn,216.000272000,1675.8695,7.75866,0.000000,mesuree
86,131,217,Rn,217.003928000,1680.5353,7.74440,0.000000,mesuree
86,132,218,Rn,218.005601100,1687.0481,7.73875,0.000000,mesuree
86,133,219,Rn,219.009478700,1691.5075,7.72378,0.000000,mesuree
86,134,220,Rn,220.011392400,1697.7962,7.71726,0.000000,mesuree
86,135,221,Rn,221.015536000,1702.0078,7.70139,0.000000,mesuree
86,136,222,Rn,222.017576000,1708.1788,7.69450,0.000000,mesuree
86,137,223,Rn,223.021889000,1712.2326,7.67817,0.000000,mesuree
86,138,224,Rn,224.024096000,1718.2481,7.67075,0.000000,mesuree
86,139,225,Rn,225.028486000,1722.2302,7.65436,0.000000,mesuree
86,140,226,Rn,226.030861000,1728.0892,7.64641,0.000000,mesuree
86,141,227,Rn,227.035304000,1732.0219,7.63005,0.000000,mesuree
86,142,228,Rn,228.037835000,1737.7356,7.62165,0.000000,mesuree
87,113,200,Fr,200.006580000,1540.0702,7.70035,0.000000,mesuree
87,114,201,Fr,201.003852000,1550.6826,7.71484,0.000000,mesuree
87,115,202,Fr,202.003330000,1559.2402,7.71901,0.000000,mesuree
87,116,203,Fr,203.000941000,1569.5369,7.73171,0.000000,mesuree
87,117,204,Fr,204.000652000,1577.8774,7.73469,0.000000,mesuree
87,118,205,Fr,204.998594000,1587.8657,7.74569,0.000000,mesuree
87,119,206,Fr,205.998661000,1595.8746,7.74696,0.000000,mesuree
87,120,207,Fr,206.996941000,1605.5481,7.75627,0.000000,mesuree
87,121,208,Fr,207.997139000,1613.4350,7.75690,0.000000,mesuree
87,122,209,Fr,208.995940000,1622.6232,7.76375,0.000000,mesuree
87,123,210,Fr,209.996411000,1630.2558,7.76312,0.000000,mesuree
87,124,211,Fr,210.995555000,1639.1244,7.76836,0.000000,mesuree
87,125,212,Fr,211.996225000,1646.5716,7.76685,0.000000,mesuree
87,126,213,Fr,212.996184000,1654.6812,7.76846,0.000000,mesuree
87,127,214,Fr,213.998971000,1660.1564,7.75774,0.000000,mesuree
87,128,215,Fr,215.000342000,1666.9506,7.75326,0.000000,mesuree
87,129,216,Fr,216.003190000,1672.3691,7.74245,0.000000,mesuree
87,130,217,Fr,217.004632000,1679.0972,7.73777,0.000000,mesuree
87,131,218,Fr,218.007579000,1684.4234,7.72671,0.000000,mesuree
87,132,219,Fr,219.009251000,1690.9372,7.72117,0.000000,mesuree
87,133,220,Fr,220.012327000,1696.1433,7.70974,0.000000,mesuree
87,134,221,Fr,221.014254000,1702.4196,7.70326,0.000000,mesuree
87,135,222,Fr,222.017583000,1707.3900,7.69095,0.000000,mesuree
87,136,223,Fr,223.019734200,1713.4575,7.68367,0.000000,mesuree
87,137,224,Fr,224.023348000,1718.1626,7.67037,0.000000,mesuree
87,138,225,Fr,225.025572000,1724.1622,7.66294,0.000000,mesuree
87,139,226,Fr,226.029545000,1728.5327,7.64837,0.000000,mesuree
87,140,227,Fr,227.031865000,1734.4430,7.64072,0.000000,mesuree
87,141,228,Fr,228.035839000,1738.8125,7.62637,0.000000,mesuree
87,142,229,Fr,229.038291000,1744.5998,7.61834,0.000000,mesuree
87,143,230,Fr,230.042391000,1748.8520,7.60370,0.000000,mesuree
87,144,231,Fr,231.045175000,1754.3301,7.59450,0.000000,mesuree
87,145,232,Fr,232.049461000,1758.4090,7.57935,0.000000,mesuree
88,115,203,Ra,203.009234000,1561.0296,7.68980,0.000000,mesuree
88,116,204,Ra,204.006507000,1571.6411,7.70412,0.000000,mesuree
88,117,205,Ra,205.006231000,1579.9695,7.70717,0.000000,mesuree
88,118,206,Ra,206.003828000,1590.2792,7.71980,0.000000,mesuree
88,119,207,Ra,207.003770000,1598.4046,7.72176,0.000000,mesuree
88,120,208,Ra,208.001855000,1608.2597,7.73202,0.000000,mesuree
88,121,209,Ra,209.001995000,1616.2006,7.73302,0.000000,mesuree
88,122,210,Ra,210.000475000,1625.6878,7.74137,0.000000,mesuree
88,123,211,Ra,211.000893000,1633.3698,7.74109,0.000000,mesuree
88,124,212,Ra,211.999787000,1642.4713,7.74751,0.000000,mesuree
88,125,213,Ra,213.000371000,1649.9986,7.74647,0.000000,mesuree
88,126,214,Ra,214.000100000,1658.3224,7.74917,0.000000,mesuree
88,127,215,Ra,215.002718000,1663.9551,7.73933,0.000000,mesuree
88,128,216,Ra,216.003534000,1671.2663,7.73734,0.000000,mesuree
88,129,217,Ra,217.006323000,1676.7397,7.72691,0.000000,mesuree
88,130,218,Ra,218.007134000,1684.0555,7.72503,0.000000,mesuree
88,131,219,Ra,219.010085000,1689.3780,7.71405,0.000000,mesuree
88,132,220,Ra,220.011028000,1696.5709,7.71169,0.000000,mesuree
88,133,221,Ra,221.013917000,1701.9512,7.70114,0.000000,mesuree
88,134,222,Ra,222.015373000,1708.6662,7.69669,0.000000,mesuree
88,135,223,Ra,223.018500600,1713.8242,7.68531,0.000000,mesuree
88,136,224,Ra,224.020210400,1720.3029,7.67992,0.000000,mesuree
88,137,225,Ra,225.023610500,1725.2070,7.66759,0.000000,mesuree
88,138,226,Ra,226.025408200,1731.6038,7.66196,0.000000,mesuree
88,139,227,Ra,227.029176200,1736.1652,7.64830,0.000000,mesuree
88,140,228,Ra,228.031068600,1742.4738,7.64243,0.000000,mesuree
88,141,229,Ra,229.034957000,1746.9231,7.62849,0.000000,mesuree
88,142,230,Ra,230.037055000,1753.0401,7.62191,0.000000,mesuree
88,143,231,Ra,231.041027000,1757.4115,7.60784,0.000000,mesuree
88,144,232,Ra,232.043475000,1763.2026,7.60001,0.000000,mesuree
88,145,233,Ra,233.047595000,1767.4361,7.58556,0.000000,mesuree
88,146,234,Ra,234.050382000,1772.9114,7.57654,0.000000,mesuree
89,118,207,Ac,207.011970000,1589.9840,7.68108,0.000000,mesuree
89,119,208,Ac,208.011550000,1598.4465,7.68484,0.000000,mesuree
89,120,209,Ac,209.009500000,1608.4274,7.69582,0.000000,mesuree
89,121,210,Ac,210.009410000,1616.5826,7.69801,0.000000,mesuree
89,122,211,Ac,211.007670000,1626.2747,7.70746,0.000000,mesuree
89,123,212,Ac,212.007836000,1634.1914,7.70845,0.000000,mesuree
89,124,213,Ac,213.006593000,1643.4205,7.71559,0.000000,mesuree
89,125,214,Ac,214.006906000,1651.2003,7.71589,0.000000,mesuree
89,126,215,Ac,215.006474000,1659.6740,7.71941,0.000000,mesuree
89,127,216,Ac,216.008749000,1665.6262,7.71123,0.000000,mesuree
89,128,217,Ac,217.009342000,1673.1451,7.71035,0.000000,mesuree
89,129,218,Ac,218.011650000,1679.0666,7.70214,0.000000,mesuree
89,130,219,Ac,219.012420000,1686.4206,7.70055,0.000000,mesuree
89,131,220,Ac,220.014755000,1692.3169,7.69235,0.000000,mesuree
89,132,221,Ac,221.015600000,1699.6011,7.69050,0.000000,mesuree
89,133,222,Ac,222.017844000,1705.5822,7.68280,0.000000,mesuree
89,134,223,Ac,223.019136000,1712.4500,7.67915,0.000000,mesuree
89,135,224,Ac,224.021722000,1718.1125,7.67014,0.000000,mesuree
89,136,225,Ac,225.023229000,1724.7800,7.66569,0.000000,mesuree
89,137,226,Ac,226.026097000,1730.1798,7.65566,0.000000,mesuree
89,138,227,Ac,227.027750600,1736.7108,7.65071,0.000000,mesuree
89,139,228,Ac,228.031019700,1741.7370,7.63920,0.000000,mesuree
89,140,229,Ac,229.032947000,1748.0130,7.63324,0.000000,mesuree
89,141,230,Ac,230.036327000,1752.9359,7.62146,0.000000,mesuree
89,142,231,Ac,231.038393000,1759.0828,7.61508,0.000000,mesuree
89,143,232,Ac,232.042034000,1763.7625,7.60242,0.000000,mesuree
89,144,233,Ac,233.044346000,1769.6802,7.59519,0.000000,mesuree
89,145,234,Ac,234.048139000,1774.2184,7.58213,0.000000,mesuree
89,146,235,Ac,235.050840000,1779.7737,7.57351,0.000000,mesuree
89,147,236,Ac,236.054990000,1783.9793,7.55923,0.000000,mesuree
90,120,210,Th,210.015094000,1610.5056,7.66907,0.000000,mesuree
90,121,211,Th,211.014900000,1618.7576,7.67184,0.000000,mesuree
90,122,212,Th,212.013002000,1628.5969,7.68206,0.000000,mesuree
90,123,213,Th,213.013011000,1636.6599,7.68385,0.000000,mesuree
90,124,214,Th,214.011481000,1646.1564,7.69232,0.000000,mesuree
90,125,215,Th,215.011725000,1654.0004,7.69303,0.000000,mesuree
90,126,216,Th,216.011056000,1662.6949,7.69766,0.000000,mesuree
90,127,217,Th,217.013103000,1668.8594,7.69060,0.000000,mesuree
90,128,218,Th,218.013276000,1676.7696,7.69160,0.000000,mesuree
90,129,219,Th,219.015530000,1682.7413,7.68375,0.000000,mesuree
90,130,220,Th,220.015770000,1690.5891,7.68450,0.000000,mesuree
90,131,221,Th,221.018186000,1696.4099,7.67606,0.000000,mesuree
90,132,222,Th,222.018468000,1704.2186,7.67666,0.000000,mesuree
90,133,223,Th,223.020811000,1710.1074,7.66864,0.000000,mesuree
90,134,224,Th,224.021466000,1717.5686,7.66772,0.000000,mesuree
90,135,225,Th,225.023951000,1723.3251,7.65922,0.000000,mesuree
90,136,226,Th,226.024904000,1730.5087,7.65712,0.000000,mesuree
90,137,227,Th,227.027702500,1735.9733,7.64746,0.000000,mesuree
90,138,228,Th,228.028739700,1743.0784,7.64508,0.000000,mesuree
90,139,229,Th,229.031761400,1748.3351,7.63465,0.000000,mesuree
90,140,230,Th,230.033132300,1755.1294,7.63100,0.020000,mesuree
90,141,231,Th,231.036302800,1760.2474,7.62012,0.000000,mesuree
90,142,232,Th,232.038053600,1766.6879,7.61503,99.980000,mesuree
90,143,233,Th,233.041580100,1771.4743,7.60289,0.000000,mesuree
90,144,234,Th,234.043599800,1777.6643,7.59686,0.000000,mesuree
90,145,235,Th,235.047255000,1782.3308,7.58439,0.000000,mesuree
90,146,236,Th,236.049657000,1788.1647,7.57697,0.000000,mesuree
90,147,237,Th,237.053629000,1792.5361,7.56344,0.000000,mesuree
90,148,238,Th,238.056390000,1798.0355,7.55477,0.000000,estimee
91,122,213,Pa,213.021100000,1628.3427,7.64480,0.000000,mesuree
91,123,214,Pa,214.020890000,1636.6096,7.64771,0.000000,mesuree
91,124,215,Pa,215.019110000,1646.3390,7.65739,0.000000,mesuree
91,125,216,Pa,216.019135000,1654.3870,7.65920,0.000000,mesuree
91,126,217,Pa,217.018309000,1663.2277,7.66464,0.000000,mesuree
91,127,218,Pa,218.020021000,1669.7043,7.65919,0.000000,mesuree
91,128,219,Pa,219.019950000,1677.8418,7.66138,0.000000,mesuree
91,129,220,Pa,220.021770000,1684.2178,7.65554,0.000000,mesuree
91,130,221,Pa,221.021870000,1692.1960,7.65700,0.000000,mesuree
91,131,222,Pa,222.023690000,1698.5720,7.65123,0.000000,mesuree
91,132,223,Pa,223.023980000,1706.3731,7.65190,0.000000,mesuree
91,133,224,Pa,224.025617000,1712.9196,7.64696,0.000000,mesuree
91,134,225,Pa,225.026150000,1720.4944,7.64664,0.000000,mesuree
91,135,226,Pa,226.027948000,1726.8909,7.64111,0.000000,mesuree
91,136,227,Pa,227.028804000,1734.1649,7.63949,0.000000,mesuree
91,137,228,Pa,228.031051000,1740.1431,7.63221,0.000000,mesuree
91,138,229,Pa,229.032096000,1747.2410,7.62987,0.000000,mesuree
91,139,230,Pa,230.034540000,1753.0358,7.62189,0.000000,mesuree
91,140,231,Pa,231.035882500,1759.8566,7.61843,100.000000,mesuree
91,141,232,Pa,232.038590000,1765.4059,7.60951,0.000000,mesuree
91,142,233,Pa,233.040246500,1771.9342,7.60487,0.000000,mesuree
91,143,234,Pa,234.043306000,1777.1556,7.59468,0.000000,mesuree
91,144,235,Pa,235.045399000,1783.2773,7.58841,0.000000,mesuree
91,145,236,Pa,236.048668000,1788.3036,7.57756,0.000000,mesuree
91,146,237,Pa,237.051023000,1794.1812,7.57038,0.000000,mesuree
91,147,238,Pa,238.054637000,1798.8861,7.55834,0.000000,mesuree
91,148,239,Pa,239.057260000,1804.5141,7.55027,0.000000,estimee
91,149,240,Pa,240.061200000,1808.9153,7.53715,0.000000,estimee
92,126,218,U,218.023505000,1665.6767,7.64072,0.000000,mesuree
92,127,219,U,219.025009000,1672.3470,7.63629,0.000000,mesuree
92,128,220,U,220.024710000,1680.6969,7.63953,0.000000,estimee
92,129,221,U,221.026320000,1687.2685,7.63470,0.000000,mesuree
92,130,222,U,222.026060000,1695.5820,7.63776,0.000000,mesuree
92,131,223,U,223.027960000,1701.8834,7.63176,0.000000,mesuree
92,132,224,U,224.027636000,1710.2566,7.63507,0.000000,mesuree
92,133,225,U,225.029385000,1716.6987,7.62977,0.000000,mesuree
92,134,226,U,226.029339000,1724.8129,7.63192,0.000000,mesuree
92,135,227,U,227.031181000,1731.1684,7.62629,0.000000,mesuree
92,136,228,U,228.031369000,1739.0646,7.62748,0.000000,mesuree
92,137,229,U,229.033506000,1745.1453,7.62072,0.000000,mesuree
92,138,230,U,230.033940000,1752.8123,7.62092,0.000000,mesuree
92,139,231,U,231.036292200,1758.6926,7.61339,0.000000,mesuree
92,140,232,U,232.037154800,1765.9604,7.61190,0.000000,mesuree
92,141,233,U,233.039634300,1771.7221,7.60396,0.000000,mesuree
92,142,234,U,234.040950300,1778.5676,7.60072,0.005400,mesuree
92,143,235,U,235.043928100,1783.8651,7.59092,0.720400,mesuree
92,144,236,U,236.045566100,1790.4106,7.58649,0.000000,mesuree
92,145,237,U,237.048728300,1795.5364,7.57610,0.000000,mesuree
92,146,238,U,238.050786900,1801.6901,7.57013,99.274200,mesuree
92,147,239,U,239.054292000,1806.4964,7.55856,0.000000,mesuree
92,148,240,U,240.056592400,1812.4249,7.55177,0.000000,mesuree
92,149,241,U,241.060330000,1817.0147,7.53948,0.000000,estimee
92,150,242,U,242.062930000,1822.6641,7.53167,0.000000,estimee
93,132,225,Np,225.033940000,1711.6734,7.60744,0.000000,mesuree
93,133,226,Np,226.035230000,1718.5431,7.60417,0.000000,mesuree
93,134,227,Np,227.034980000,1726.8473,7.60726,0.000000,mesuree
93,135,228,Np,228.036310000,1733.6797,7.60386,0.000000,estimee
93,136,229,Np,229.036290000,1741.7697,7.60598,0.000000,mesuree
93,137,230,Np,230.037830000,1748.4065,7.60177,0.000000,mesuree
93,138,231,Np,231.038240000,1756.0959,7.60215,0.000000,mesuree
93,139,232,Np,232.040110000,1762.4253,7.59666,0.000000,estimee
93,140,233,Np,233.040740000,1769.9098,7.59618,0.000000,mesuree
93,141,234,Np,234.042893000,1775.9756,7.58964,0.000000,mesuree
93,142,235,Np,235.044061500,1782.9585,7.58706,0.000000,mesuree
93,143,236,Np,236.046570000,1788.6931,7.57921,0.000000,mesuree
93,144,237,Np,237.048171600,1795.2726,7.57499,0.000000,mesuree
93,145,238,Np,238.050944600,1800.7609,7.56622,0.000000,mesuree
93,146,239,Np,239.052937500,1806.9758,7.56057,0.000000,mesuree
93,147,240,Np,240.056164000,1812.0417,7.55017,0.000000,mesuree
93,148,241,Np,241.058310000,1818.1140,7.54404,0.000000,mesuree
93,149,242,Np,242.061640000,1823.0834,7.53340,0.000000,mesuree
93,150,243,Np,243.064200000,1828.7701,7.52580,0.000000,estimee
93,151,244,Np,244.067890000,1833.4042,7.51395,0.000000,estimee
94,134,228,Pu,228.038763000,1730.6124,7.59041,0.000000,mesuree
94,135,229,Pu,229.040150000,1737.3918,7.58686,0.000000,mesuree
94,136,230,Pu,230.039648000,1745.9307,7.59100,0.000000,mesuree
94,137,231,Pu,231.041126000,1752.6252,7.58712,0.000000,mesuree
94,138,232,Pu,232.041182000,1760.6444,7.58898,0.000000,mesuree
94,139,233,Pu,233.043000000,1767.0223,7.58379,0.000000,mesuree
94,140,234,Pu,234.043317000,1774.7983,7.58461,0.000000,mesuree
94,141,235,Pu,235.045285000,1781.0364,7.57888,0.000000,mesuree
94,142,236,Pu,236.046056700,1788.3889,7.57792,0.000000,mesuree
94,143,237,Pu,237.048407900,1794.2701,7.57076,0.000000,mesuree
94,144,238,Pu,238.049558200,1801.2699,7.56836,0.000000,mesuree
94,145,239,Pu,239.052161600,1806.9162,7.56032,0.000000,mesuree
94,146,240,Pu,240.053811700,1813.4505,7.55604,0.000000,mesuree
94,147,241,Pu,241.056849700,1818.6919,7.54644,0.000000,mesuree
94,148,242,Pu,242.058741000,1825.0015,7.54133,0.000000,mesuree
94,149,243,Pu,243.062002100,1830.0351,7.53101,0.000000,mesuree
94,150,244,Pu,244.064204400,1836.0550,7.52482,0.000000,mesuree
94,151,245,Pu,245.067825000,1840.7537,7.51328,0.000000,mesuree
94,152,246,Pu,246.070204000,1846.6090,7.50654,0.000000,mesuree
94,153,247,Pu,247.074300000,1850.8650,7.49338,0.000000,estimee
95,136,231,Am,231.045530000,1747.7406,7.56598,0.000000,estimee
95,137,232,Am,232.046610000,1754.8059,7.56382,0.000000,estimee
95,138,233,Am,233.046470000,1763.0076,7.56656,0.000000,estimee
95,139,234,Am,234.047730000,1769.9053,7.56370,0.000000,estimee
95,140,235,Am,235.047910000,1777.8089,7.56514,0.000000,mesuree
95,141,236,Am,236.049430000,1784.4644,7.56129,0.000000,estimee
95,142,237,Am,237.050000000,1792.0047,7.56120,0.000000,estimee
95,143,238,Am,238.051980000,1798.2317,7.55560,0.000000,mesuree
95,144,239,Am,239.053022700,1805.3317,7.55369,0.000000,mesuree
95,145,240,Am,240.055298000,1811.2836,7.54702,0.000000,mesuree
95,146,241,Am,241.056827300,1817.9304,7.54328,0.000000,mesuree
95,147,242,Am,242.059547400,1823.4680,7.53499,0.000000,mesuree
95,148,243,Am,243.061379900,1829.8323,7.53017,0.000000,mesuree
95,149,244,Am,244.064282900,1835.1995,7.52131,0.000000,mesuree
95,150,245,Am,245.066452800,1841.2496,7.51530,0.000000,mesuree
95,151,246,Am,246.069774000,1846.2272,7.50499,0.000000,estimee
95,152,247,Am,247.072090000,1852.1412,7.49855,0.000000,estimee
95,153,248,Am,248.075750000,1856.8033,7.48711,0.000000,estimee
95,154,249,Am,249.078480000,1862.3316,7.47924,0.000000,estimee
96,137,233,Cm,233.050770000,1758.2199,7.54601,0.000000,mesuree
96,138,234,Cm,234.050159000,1766.8603,7.55069,0.000000,mesuree
96,139,235,Cm,235.051550000,1773.6359,7.54739,0.000000,estimee
96,140,236,Cm,236.051372000,1781.8731,7.55031,0.000000,mesuree
96,141,237,Cm,237.052870000,1788.5490,7.54662,0.000000,mesuree
96,142,238,Cm,238.053082000,1796.4228,7.54800,0.000000,mesuree
96,143,239,Cm,239.054910000,1802.7914,7.54306,0.000000,mesuree
96,144,240,Cm,240.055528200,1810.2869,7.54286,0.000000,mesuree
96,145,241,Cm,241.057651200,1816.3806,7.53685,0.000000,mesuree
96,146,242,Cm,242.058834200,1823.3500,7.53450,0.000000,mesuree
96,147,243,Cm,243.061387300,1829.0431,7.52693,0.000000,mesuree
96,148,244,Cm,244.062750600,1835.8445,7.52395,0.000000,mesuree
96,149,245,Cm,245.065491000,1841.3632,7.51577,0.000000,mesuree
96,150,246,Cm,246.067222000,1847.8221,7.51147,0.000000,mesuree
96,151,247,Cm,247.070353000,1852.9769,7.50193,0.000000,mesuree
96,152,248,Cm,248.072349100,1859.1888,7.49673,0.000000,mesuree
96,153,249,Cm,249.075954000,1863.9022,7.48555,0.000000,mesuree
96,154,250,Cm,250.078358000,1869.7342,7.47894,0.000000,mesuree
96,155,251,Cm,251.082285000,1874.1476,7.46672,0.000000,mesuree
96,156,252,Cm,252.084870000,1879.8110,7.45957,0.000000,estimee
97,138,235,Bk,235.056650000,1768.1030,7.52384,0.000000,estimee
97,139,236,Bk,236.057480000,1775.4011,7.52289,0.000000,estimee
97,140,237,Bk,237.057120000,1783.8078,7.52662,0.000000,estimee
97,141,238,Bk,238.058200000,1790.8731,7.52468,0.000000,estimee
97,142,239,Bk,239.058240000,1798.9072,7.52681,0.000000,estimee
97,143,240,Bk,240.059760000,1805.5626,7.52318,0.000000,estimee
97,144,241,Bk,241.060100000,1813.3172,7.52414,0.000000,estimee
97,145,242,Bk,242.062000000,1819.6187,7.51909,0.000000,estimee
97,146,243,Bk,243.063006000,1826.7529,7.51750,0.000000,mesuree
97,147,244,Bk,244.065179000,1832.8001,7.51148,0.000000,mesuree
97,148,245,Bk,245.066359800,1839.7715,7.50927,0.000000,mesuree
97,149,246,Bk,246.068670000,1845.6909,7.50281,0.000000,mesuree
97,150,247,Bk,247.070306000,1852.2383,7.49894,0.000000,mesuree
97,151,248,Bk,248.073140000,1857.6698,7.49060,0.000000,mesuree
97,152,249,Bk,249.074983100,1864.0242,7.48604,0.000000,mesuree
97,153,250,Bk,250.078317000,1868.9901,7.47596,0.000000,mesuree
97,154,251,Bk,251.080761000,1874.7848,7.46926,0.000000,mesuree
97,155,252,Bk,252.084310000,1879.5502,7.45853,0.000000,estimee
97,156,253,Bk,253.086880000,1885.2276,7.45149,0.000000,estimee
97,157,254,Bk,254.090600000,1889.8338,7.44029,0.000000,estimee
98,139,237,Cf,237.062200000,1778.2935,7.50335,0.000000,mesuree
98,140,238,Cf,238.061490000,1787.0261,7.50851,0.000000,estimee
98,141,239,Cf,239.062480000,1794.1753,7.50701,0.000000,estimee
98,142,240,Cf,240.062253000,1802.4580,7.51024,0.000000,mesuree
98,143,241,Cf,241.063690000,1809.1908,7.50702,0.000000,estimee
98,144,242,Cf,242.063755000,1817.2016,7.50910,0.000000,mesuree
98,145,243,Cf,243.065480000,1823.6661,7.50480,0.000000,estimee
98,146,244,Cf,244.065999400,1831.2536,7.50514,0.000000,mesuree
98,147,245,Cf,245.068046800,1837.4177,7.49966,0.000000,mesuree
98,148,246,Cf,246.068803700,1844.7840,7.49912,0.000000,mesuree
98,149,247,Cf,247.070971000,1850.8365,7.49327,0.000000,mesuree
98,150,248,Cf,248.072183000,1857.7789,7.49104,0.000000,mesuree
98,151,249,Cf,249.074850400,1863.3655,7.48340,0.000000,mesuree
98,152,250,Cf,250.076404500,1869.9892,7.47996,0.000000,mesuree
98,153,251,Cf,251.079587000,1875.0960,7.47050,0.000000,mesuree
98,154,252,Cf,252.081626500,1881.2676,7.46535,0.000000,mesuree
98,155,253,Cf,253.085134000,1886.0717,7.45483,0.000000,mesuree
98,156,254,Cf,254.087324000,1892.1030,7.44922,0.000000,mesuree
98,157,255,Cf,255.091050000,1896.7036,7.43805,0.000000,estimee
98,158,256,Cf,256.093440000,1902.5486,7.43183,0.000000,estimee
99,141,240,Es,240.068950000,1795.4375,7.48099,0.000000,estimee
99,142,241,Es,241.068590000,1803.8441,7.48483,0.000000,estimee
99,143,242,Es,242.069570000,1811.0026,7.48348,0.000000,estimee
99,144,243,Es,243.069510000,1819.1298,7.48613,0.000000,estimee
99,145,244,Es,244.070880000,1825.9250,7.48330,0.000000,estimee
99,146,245,Es,245.071190000,1833.7075,7.48452,0.000000,estimee
99,147,246,Es,246.072810000,1840.2698,7.48077,0.000000,mesuree
99,148,247,Es,247.073622000,1847.5848,7.48010,0.000000,mesuree
99,149,248,Es,248.075470000,1853.9347,7.47554,0.000000,estimee
99,150,249,Es,249.076410000,1861.1304,7.47442,0.000000,estimee
99,151,250,Es,250.078610000,1867.1524,7.46861,0.000000,estimee
99,152,251,Es,251.079991000,1873.9374,7.46589,0.000000,mesuree
99,153,252,Es,252.082980000,1879.2244,7.45724,0.000000,mesuree
99,154,253,Es,253.084821200,1885.5807,7.45289,0.000000,mesuree
99,155,254,Es,254.088024000,1890.6686,7.44358,0.000000,mesuree
99,156,255,Es,255.090274000,1896.6441,7.43782,0.000000,mesuree
99,157,256,Es,256.093600000,1901.6172,7.42819,0.000000,estimee
99,158,257,Es,257.095980000,1907.4716,7.42207,0.000000,estimee
100,142,242,Fm,242.073430000,1806.6247,7.46539,0.000000,estimee
100,143,243,Fm,243.074410000,1813.7831,7.46413,0.000000,estimee
100,144,244,Fm,244.074040000,1822.1991,7.46803,0.000000,estimee
100,145,245,Fm,245.075350000,1829.0502,7.46551,0.000000,estimee
100,146,246,Fm,246.075353000,1837.1187,7.46796,0.000000,mesuree
100,147,247,Fm,247.076940000,1843.7117,7.46442,0.000000,estimee
100,148,248,Fm,248.077185000,1851.5548,7.46595,0.000000,mesuree
100,149,249,Fm,249.078926000,1858.0044,7.46187,0.000000,mesuree
100,150,250,Fm,250.079520000,1865.5224,7.46209,0.000000,mesuree
100,151,251,Fm,251.081545000,1871.7075,7.45700,0.000000,mesuree
100,152,252,Fm,252.082466000,1878.9209,7.45604,0.000000,mesuree
100,153,253,Fm,253.085180900,1884.4633,7.44847,0.000000,mesuree
100,154,254,Fm,254.086852400,1890.9776,7.44479,0.000000,mesuree
100,155,255,Fm,255.089963000,1896.1514,7.43589,0.000000,mesuree
100,156,256,Fm,256.091772000,1902.5377,7.43179,0.000000,mesuree
100,157,257,Fm,257.095105000,1907.5043,7.42220,0.000000,mesuree
100,158,258,Fm,258.097080000,1913.7359,7.41758,0.000000,estimee
100,159,259,Fm,259.100600000,1918.5284,7.40745,0.000000,estimee
